{"log":"\n","stream":"stdout","time":"2024-04-17T11:13:44.155412744Z"}
{"log":"up to date, audited 163 packages in 1s\n","stream":"stdout","time":"2024-04-17T11:13:44.155460945Z"}
{"log":"\n","stream":"stdout","time":"2024-04-17T11:13:44.156577971Z"}
{"log":"18 packages are looking for funding\n","stream":"stdout","time":"2024-04-17T11:13:44.156599671Z"}
{"log":"  run `npm fund` for details\n","stream":"stdout","time":"2024-04-17T11:13:44.156605072uZ"}
{"log":"\n","stream":"stdout","time":"2024-04-17T11:13:44.171197507Z"}
{"log":"8 vulnerabilities (4 moderate, 4 high)\n","stream":"stdout","time":"2024-04-17T11:13:44.171234708Z"}
{"log":"\n","stream":"stdout","time":"2024-04-17T11:13:44.171242308Z"}
{"log":"To address issues that do not require attention, run:\n","stream":"stdout","time":"2024-04-17T11:13:44.171248108Z"}
{"log":"  npm audit fix\n","stream":"stdout","time":"2024-04-17T11:13:44.171253508Z"}
{"log":"\n","stream":"stdout","time":"2024-04-17T11:13:44.171259008Z"}
{"log":"To address all issues possible (including breaking changes), run:\n","stream":"stdout","time":"2024-04-17T11:13:44.171264808Z"}
{"log":"  npm audit fix --force\n","stream":"stdout","time":"2024-04-17T11:13:44.171270608Z"}
{"log":"\n","stream":"stdout","time":"2024-04-17T11:13:44.171276809Z"}
{"log":"Some issues need review, and may require choosing\n","stream":"stdout","time":"2024-04-17T11:13:44.171281809Z"}
{"log":"a different dependency.\n","stream":"stdout","time":"2024-04-17T11:13:44.171286909Z"}
{"log":"\n","stream":"stdout","time":"2024-04-17T11:13:44.171291709Z"}
{"log":"Run `npm audit` for details.\n","stream":"stdout","time":"2024-04-17T11:13:44.171296309Z"}
{"log":"npm notice \n","stream":"stderr","time":"2024-04-17T11:13:44.172068127Z"}
{"log":"npm notice New major version of npm available! 9.4.0 -\u003e 10.5.2\n","stream":"stderr","time":"2024-04-17T11:13:44.172436535Z"}
{"log":"npm notice Changelog: \u003chttps://github.com/npm/cli/releases/tag/v10.5.2\u003e\n","stream":"stderr","time":"2024-04-17T11:13:44.172462736Z"}
{"log":"npm notice Run `npm install -g npm@10.5.2` to update!\n","stream":"stderr","time":"2024-04-17T11:13:44.172469336Z"}
{"log":"npm notice \n","stream":"stderr","time":"2024-04-17T11:13:44.172680141Z"}
{"log":"App running on port 443.\n","stream":"stdout","time":"2024-04-17T11:13:44.66251589Z"}
{"log":"Params: NL,190267\n","stream":"stdout","time":"2024-04-17T11:31:02.979007892Z"}
{"log":"/api/secure/location/get: { user: { name: 'NL', pass: '--CENSORED--' } }\n","stream":"stdout","time":"2024-04-17T11:31:03.01456053Z"}
{"log":"Params: NL,2000,1910\n","stream":"stdout","time":"2024-04-17T11:31:03.016727175Z"}
{"log":"Params: NL,190267\n","stream":"stdout","time":"2024-04-17T11:31:03.161911288Z"}
{"log":"/api/secure/location/get: { user: { name: 'NL', pass: '--CENSORED--' } }\n","stream":"stdout","time":"2024-04-17T11:31:03.191001092Z"}
{"log":"Params: NL,2000,1910\n","stream":"stdout","time":"2024-04-17T11:31:03.193549945Z"}
{"log":"Params: 6006329,1910\n","stream":"stdout","time":"2024-04-17T11:31:03.287614497Z"}
{"log":"QueryRes[object Object]\n","stream":"stdout","time":"2024-04-17T11:31:03.290469657Z"}
{"log":"QueryRes[object Object]\n","stream":"stdout","time":"2024-04-17T11:31:03.290505857Z"}
{"log":"Params: 6006343,1910\n","stream":"stdout","time":"2024-04-17T11:31:03.313231529Z"}
{"log":"QueryRes[object Object]\n","stream":"stdout","time":"2024-04-17T11:31:03.315353473Z"}
{"log":"QueryRes[object Object]\n","stream":"stdout","time":"2024-04-17T11:31:03.315391774Z"}
{"log":"Params: 6006347,1910\n","stream":"stdout","time":"2024-04-17T11:31:03.317207612Z"}
{"log":"QueryRes[object Object]\n","stream":"stdout","time":"2024-04-17T11:31:03.328885954Z"}
{"log":"QueryRes[object Object]\n","stream":"stdout","time":"2024-04-17T11:31:03.328925155Z"}
{"log":"Params: 6006355,1910\n","stream":"stdout","time":"2024-04-17T11:31:03.330923696Z"}
{"log":"QueryRes[object Object]\n","stream":"stdout","time":"2024-04-17T11:31:03.333125542Z"}
{"log":"QueryRes[object Object]\n","stream":"stdout","time":"2024-04-17T11:31:03.333161443Z"}
{"log":"Params: 6006357,1910\n","stream":"stdout","time":"2024-04-17T11:31:03.336097304Z"}
{"log":"QueryRes[object Object]\n","stream":"stdout","time":"2024-04-17T11:31:03.338708358Z"}
{"log":"QueryRes[object Object]\n","stream":"stdout","time":"2024-04-17T11:31:03.338737258Z"}
{"log":"Params: 6006358,1910\n","stream":"stdout","time":"2024-04-17T11:31:03.341541517Z"}
{"log":"QueryRes[object Object]\n","stream":"stdout","time":"2024-04-17T11:31:03.343976567Z"}
{"log":"QueryRes[object Object]\n","stream":"stdout","time":"2024-04-17T11:31:03.344014068Z"}
{"log":"Params: 20246188,1910\n","stream":"stdout","time":"2024-04-17T11:31:03.348059752Z"}
{"log":"QueryRes[object Object]\n","stream":"stdout","time":"2024-04-17T11:31:03.350770208Z"}
{"log":"QueryRes[object Object]\n","stream":"stdout","time":"2024-04-17T11:31:03.35084301Z"}
{"log":"Params: 6006329,1910\n","stream":"stdout","time":"2024-04-17T11:31:03.528001887Z"}
{"log":"QueryRes[object Object]\n","stream":"stdout","time":"2024-04-17T11:31:03.53008663Z"}
{"log":"QueryRes[object Object]\n","stream":"stdout","time":"2024-04-17T11:31:03.530388936Z"}
{"log":"Params: 6006343,1910\n","stream":"stdout","time":"2024-04-17T11:31:03.550064745Z"}
{"log":"QueryRes[object Object]\n","stream":"stdout","time":"2024-04-17T11:31:03.552933304Z"}
{"log":"QueryRes[object Object]\n","stream":"stdout","time":"2024-04-17T11:31:03.553077907Z"}
{"log":"Params: 6006347,1910\n","stream":"stdout","time":"2024-04-17T11:31:03.555218051Z"}
{"log":"QueryRes[object Object]\n","stream":"stdout","time":"2024-04-17T11:31:03.563059114Z"}
{"log":"QueryRes[object Object]\n","stream":"stdout","time":"2024-04-17T11:31:03.564261439Z"}
{"log":"Params: 6006355,1910\n","stream":"stdout","time":"2024-04-17T11:31:03.566557887Z"}
{"log":"QueryRes[object Object]\n","stream":"stdout","time":"2024-04-17T11:31:03.569705452Z"}
{"log":"QueryRes[object Object]\n","stream":"stdout","time":"2024-04-17T11:31:03.569856755Z"}
{"log":"Params: 6006357,1910\n","stream":"stdout","time":"2024-04-17T11:31:03.572243305Z"}
{"log":"QueryRes[object Object]\n","stream":"stdout","time":"2024-04-17T11:31:03.574646755Z"}
{"log":"QueryRes[object Object]\n","stream":"stdout","time":"2024-04-17T11:31:03.574823958Z"}
{"log":"Params: 6006358,1910\n","stream":"stdout","time":"2024-04-17T11:31:03.576103985Z"}
{"log":"QueryRes[object Object]\n","stream":"stdout","time":"2024-04-17T11:31:03.578536635Z"}
{"log":"QueryRes[object Object]\n","stream":"stdout","time":"2024-04-17T11:31:03.578676538Z"}
{"log":"Params: 20246188,1910\n","stream":"stdout","time":"2024-04-17T11:31:03.580536677Z"}
{"log":"QueryRes[object Object]\n","stream":"stdout","time":"2024-04-17T11:31:03.583016128Z"}
{"log":"QueryRes[object Object]\n","stream":"stdout","time":"2024-04-17T11:31:03.583206232Z"}
{"log":"someone tried access with { user: null } Error: no user credentials given\n","stream":"stdout","time":"2024-04-17T11:34:05.116643484Z"}
{"log":"    at Object.getValidUser (/home/node/api/db/queries.js:111:23)\n","stream":"stdout","time":"2024-04-17T11:34:05.116709185Z"}
{"log":"    at login_wall (/home/node/api/auth/auth.js:22:25)\n","stream":"stdout","time":"2024-04-17T11:34:05.116721685Z"}
{"log":"    at Layer.handle [as handle_request] (/home/node/api/node_modules/express/lib/router/layer.js:95:5)\n","stream":"stdout","time":"2024-04-17T11:34:05.116730685Z"}
{"log":"    at trim_prefix (/home/node/api/node_modules/express/lib/router/index.js:328:13)\n","stream":"stdout","time":"2024-04-17T11:34:05.116741786Z"}
{"log":"    at /home/node/api/node_modules/express/lib/router/index.js:286:9\n","stream":"stdout","time":"2024-04-17T11:34:05.116750586Z"}
{"log":"    at Function.process_params (/home/node/api/node_modules/express/lib/router/index.js:346:12)\n","stream":"stdout","time":"2024-04-17T11:34:05.116758986Z"}
{"log":"    at next (/home/node/api/node_modules/express/lib/router/index.js:280:10)\n","stream":"stdout","time":"2024-04-17T11:34:05.116767686Z"}
{"log":"    at api_wall (/home/node/api/auth/auth.js:12:10)\n","stream":"stdout","time":"2024-04-17T11:34:05.116776386Z"}
{"log":"    at Layer.handle [as handle_request] (/home/node/api/node_modules/express/lib/router/layer.js:95:5)\n","stream":"stdout","time":"2024-04-17T11:34:05.116809087Z"}
{"log":"    at trim_prefix (/home/node/api/node_modules/express/lib/router/index.js:328:13)\n","stream":"stdout","time":"2024-04-17T11:34:05.116819187Z"}
{"log":"Params: KI,051290\n","stream":"stdout","time":"2024-04-17T11:34:05.235570712Z"}
{"log":"/api/secure/login: { user: { name: 'KI', pass: '--CENSORED--' } }\n","stream":"stdout","time":"2024-04-17T11:34:05.266235864Z"}
{"log":"Params: KI,051290\n","stream":"stdout","time":"2024-04-17T11:34:05.565388024Z"}
{"log":"/api/secure/location/get: { user: { name: 'KI', pass: '--CENSORED--' } }\n","stream":"stdout","time":"2024-04-17T11:34:05.583506309Z"}
{"log":"Params: Ki,2000,1910\n","stream":"stdout","time":"2024-04-17T11:34:05.585500952Z"}
{"log":"Params: 20236538,1910\n","stream":"stdout","time":"2024-04-17T11:34:05.855172485Z"}
{"log":"QueryRes[object Object]\n","stream":"stdout","time":"2024-04-17T11:34:05.85774764Z"}
{"log":"QueryRes[object Object]\n","stream":"stdout","time":"2024-04-17T11:34:05.857814041Z"}
{"log":"Params: 20236554,1910\n","stream":"stdout","time":"2024-04-17T11:34:05.866900834Z"}
{"log":"QueryRes[object Object]\n","stream":"stdout","time":"2024-04-17T11:34:05.868760574Z"}
{"log":"QueryRes[object Object]\n","stream":"stdout","time":"2024-04-17T11:34:05.868796475Z"}
{"log":"Params: 20236550,1910\n","stream":"stdout","time":"2024-04-17T11:34:05.875121309Z"}
{"log":"QueryRes[object Object]\n","stream":"stdout","time":"2024-04-17T11:34:05.877020149Z"}
{"log":"QueryRes[object Object]\n","stream":"stdout","time":"2024-04-17T11:34:05.877087051Z"}
{"log":"Params: 20236551,1910\n","stream":"stdout","time":"2024-04-17T11:34:05.890619739Z"}
{"log":"QueryRes[object Object]\n","stream":"stdout","time":"2024-04-17T11:34:05.893343997Z"}
{"log":"QueryRes[object Object]\n","stream":"stdout","time":"2024-04-17T11:34:05.893361297Z"}
{"log":"Params: 20236548,1910\n","stream":"stdout","time":"2024-04-17T11:34:05.900800855Z"}
{"log":"QueryRes[object Object]\n","stream":"stdout","time":"2024-04-17T11:34:05.903341109Z"}
{"log":"QueryRes[object Object]\n","stream":"stdout","time":"2024-04-17T11:34:05.903581914Z"}
{"log":"Params: 20236546,1910\n","stream":"stdout","time":"2024-04-17T11:34:05.905535356Z"}
{"log":"QueryRes[object Object]\n","stream":"stdout","time":"2024-04-17T11:34:05.917857518Z"}
{"log":"QueryRes[object Object]\n","stream":"stdout","time":"2024-04-17T11:34:05.917898319Z"}
{"log":"Params: 20236545,1910\n","stream":"stdout","time":"2024-04-17T11:34:05.929492365Z"}
{"log":"QueryRes[object Object]\n","stream":"stdout","time":"2024-04-17T11:34:05.932858237Z"}
{"log":"QueryRes[object Object]\n","stream":"stdout","time":"2024-04-17T11:34:05.933555551Z"}
{"log":"Params: 20246132,1910\n","stream":"stdout","time":"2024-04-17T11:34:05.947209142Z"}
{"log":"QueryRes[object Object]\n","stream":"stdout","time":"2024-04-17T11:34:05.950579213Z"}
{"log":"QueryRes[object Object]\n","stream":"stdout","time":"2024-04-17T11:34:05.95088092Z"}
{"log":"Params: 20246134,1910\n","stream":"stdout","time":"2024-04-17T11:34:05.956391937Z"}
{"log":"QueryRes[object Object]\n","stream":"stdout","time":"2024-04-17T11:34:05.959388101Z"}
{"log":"QueryRes[object Object]\n","stream":"stdout","time":"2024-04-17T11:34:05.959594505Z"}
{"log":"Params: 20246133,1910\n","stream":"stdout","time":"2024-04-17T11:34:05.962990877Z"}
{"log":"QueryRes[object Object]\n","stream":"stdout","time":"2024-04-17T11:34:05.965914039Z"}
{"log":"QueryRes[object Object]\n","stream":"stdout","time":"2024-04-17T11:34:05.966128244Z"}
{"log":"Params: 20246156,1910\n","stream":"stdout","time":"2024-04-17T11:34:05.968648098Z"}
{"log":"QueryRes[object Object]\n","stream":"stdout","time":"2024-04-17T11:34:05.971525559Z"}
{"log":"QueryRes[object Object]\n","stream":"stdout","time":"2024-04-17T11:34:05.971722463Z"}
{"log":"Params: 20246135,1910\n","stream":"stdout","time":"2024-04-17T11:34:05.973844208Z"}
{"log":"QueryRes[object Object]\n","stream":"stdout","time":"2024-04-17T11:34:05.976468364Z"}
{"log":"QueryRes[object Object]\n","stream":"stdout","time":"2024-04-17T11:34:05.97674267Z"}
{"log":"Params: 20246131,1910\n","stream":"stdout","time":"2024-04-17T11:34:05.983593715Z"}
{"log":"QueryRes[object Object]\n","stream":"stdout","time":"2024-04-17T11:34:05.986007167Z"}
{"log":"QueryRes[object Object]\n","stream":"stdout","time":"2024-04-17T11:34:05.986229371Z"}
{"log":"Params: 20246138,1910\n","stream":"stdout","time":"2024-04-17T11:34:05.991110275Z"}
{"log":"QueryRes[object Object]\n","stream":"stdout","time":"2024-04-17T11:34:05.993612628Z"}
{"log":"QueryRes[object Object]\n","stream":"stdout","time":"2024-04-17T11:34:05.994055938Z"}
{"log":"Params: 20246140,1910\n","stream":"stdout","time":"2024-04-17T11:34:05.99886764Z"}
{"log":"QueryRes[object Object]\n","stream":"stdout","time":"2024-04-17T11:34:06.001261791Z"}
{"log":"QueryRes[object Object]\n","stream":"stdout","time":"2024-04-17T11:34:06.001341793Z"}
{"log":"Params: 20246136,1910\n","stream":"stdout","time":"2024-04-17T11:34:06.004936869Z"}
{"log":"QueryRes[object Object]\n","stream":"stdout","time":"2024-04-17T11:34:06.007429222Z"}
{"log":"QueryRes[object Object]\n","stream":"stdout","time":"2024-04-17T11:34:06.007510024Z"}
{"log":"Params: 20246137,1910\n","stream":"stdout","time":"2024-04-17T11:34:06.010936797Z"}
{"log":"QueryRes[object Object]\n","stream":"stdout","time":"2024-04-17T11:34:06.012827037Z"}
{"log":"QueryRes[object Object]\n","stream":"stdout","time":"2024-04-17T11:34:06.012940839Z"}
{"log":"Params: KI,051290\n","stream":"stdout","time":"2024-04-17T11:34:06.999344213Z"}
{"log":"Params: KI,051290\n","stream":"stdout","time":"2024-04-17T11:34:06.999503116Z"}
{"log":"Params: KI,051290\n","stream":"stdout","time":"2024-04-17T11:34:06.999705921Z"}
{"log":"Params: KI,051290\n","stream":"stdout","time":"2024-04-17T11:34:07.000267333Z"}
{"log":"Params: KI,051290\n","stream":"stdout","time":"2024-04-17T11:34:07.00060634Z"}
{"log":"Params: KI,051290\n","stream":"stdout","time":"2024-04-17T11:34:07.000866545Z"}
{"log":"Params: KI,051290\n","stream":"stdout","time":"2024-04-17T11:34:07.001386256Z"}
{"log":"Params: KI,051290\n","stream":"stdout","time":"2024-04-17T11:34:07.001809765Z"}
{"log":"Params: KI,051290\n","stream":"stdout","time":"2024-04-17T11:34:07.00248998Z"}
{"log":"Params: KI,051290\n","stream":"stdout","time":"2024-04-17T11:34:07.002839187Z"}
{"log":"Params: KI,051290\n","stream":"stdout","time":"2024-04-17T11:34:07.003750107Z"}
{"log":"Params: KI,051290\n","stream":"stdout","time":"2024-04-17T11:34:07.003981811Z"}
{"log":"Params: KI,051290\n","stream":"stdout","time":"2024-04-17T11:34:07.003995512Z"}
{"log":"Params: KI,051290\n","stream":"stdout","time":"2024-04-17T11:34:07.004002212Z"}
{"log":"Params: KI,051290\n","stream":"stdout","time":"2024-04-17T11:34:07.004005112Z"}
{"log":"Params: KI,051290\n","stream":"stdout","time":"2024-04-17T11:34:07.004007712Z"}
{"log":"Params: KI,051290\n","stream":"stdout","time":"2024-04-17T11:34:07.004280518Z"}
{"log":"Params: KI,051290\n","stream":"stdout","time":"2024-04-17T11:34:07.005708648Z"}
{"log":"Params: KI,051290\n","stream":"stdout","time":"2024-04-17T11:34:07.005723049Z"}
{"log":"Params: KI,051290\n","stream":"stdout","time":"2024-04-17T11:34:07.010610452Z"}
{"log":"Params: KI,051290\n","stream":"stdout","time":"2024-04-17T11:34:07.01520755Z"}
{"log":"gettin file from  {\n","stream":"stdout","time":"2024-04-17T11:34:07.017777505Z"}
{"log":"  rootpath: '.',\n","stream":"stdout","time":"2024-04-17T11:34:07.017791505Z"}
{"log":"  link: 'S:/0500-0599/StO 0504 Heinsestr 22-24 FW/20236538 Inspektion',\n","stream":"stdout","time":"2024-04-17T11:34:07.017795305Z"}
{"log":"  filename: '__locally_added__1712671152000__locally_added__CAP8803541112876254445_jpg.maybe.jpg'\n","stream":"stdout","time":"2024-04-17T11:34:07.017798305Z"}
{"log":"}\n","stream":"stdout","time":"2024-04-17T11:34:07.017801405Z"}
{"log":"gettin file from  {\n","stream":"stdout","time":"2024-04-17T11:34:07.019663045Z"}
{"log":"  rootpath: '.',\n","stream":"stdout","time":"2024-04-17T11:34:07.019701246Z"}
{"log":"  link: 'S:/0500-0599/StO 0504 Heinsestr 22-24 FW/20236538 Inspektion',\n","stream":"stdout","time":"2024-04-17T11:34:07.019734146Z"}
{"log":"  filename: '__locally_added__1712667157000__locally_added__CAP8241187921939681939_jpg.maybe.jpg'\n","stream":"stdout","time":"2024-04-17T11:34:07.019743247Z"}
{"log":"}\n","stream":"stdout","time":"2024-04-17T11:34:07.019751347Z"}
{"log":"gettin file from  {\n","stream":"stdout","time":"2024-04-17T11:34:07.022309501Z"}
{"log":"  rootpath: '.',\n","stream":"stdout","time":"2024-04-17T11:34:07.022423304Z"}
{"log":"  link: 'S:/0500-0599/StO 0504 Heinsestr 22-24 FW/20236538 Inspektion',\n","stream":"stdout","time":"2024-04-17T11:34:07.022435504Z"}
{"log":"  filename: '__locally_added__1712667904000__locally_added__CAP6024212397901626270_jpg.maybe.jpg'\n","stream":"stdout","time":"2024-04-17T11:34:07.022443704Z"}
{"log":"}\n","stream":"stdout","time":"2024-04-17T11:34:07.022451704Z"}
{"log":"Params: KI,051290\n","stream":"stdout","time":"2024-04-17T11:34:07.023046917Z"}
{"log":"gettin file from  {\n","stream":"stdout","time":"2024-04-17T11:34:07.047823344Z"}
{"log":"  rootpath: '.',\n","stream":"stdout","time":"2024-04-17T11:34:07.047858345Z"}
{"log":"  link: 'S:/0500-0599/StO 0530 Kochstraße 22 Neubau/20236554 Inspektion',\n","stream":"stdout","time":"2024-04-17T11:34:07.047866545Z"}
{"log":"  filename: '__locally_added__1712656193000__locally_added__CAP3229146762841543555_jpg.maybe.jpg'\n","stream":"stdout","time":"2024-04-17T11:34:07.047873445Z"}
{"log":"}\n","stream":"stdout","time":"2024-04-17T11:34:07.047879145Z"}
{"log":"gettin file from  {\n","stream":"stdout","time":"2024-04-17T11:34:07.076847361Z"}
{"log":"  rootpath: '.',\n","stream":"stdout","time":"2024-04-17T11:34:07.076871061Z"}
{"log":"  link: 'S:/0500-0599/StO 0504 Heinsestr 22-24 FW/20236538 Inspektion',\n","stream":"stdout","time":"2024-04-17T11:34:07.076875362Z"}
{"log":"  filename: '__locally_added__1712669699000__locally_added__CAP7353755487532188023_jpg.maybe.jpg'\n","stream":"stdout","time":"2024-04-17T11:34:07.076878662Z"}
{"log":"}\n","stream":"stdout","time":"2024-04-17T11:34:07.076881762Z"}
{"log":"gettin file from  {\n","stream":"stdout","time":"2024-04-17T11:34:07.077659078Z"}
{"log":"  rootpath: '.',\n","stream":"stdout","time":"2024-04-17T11:34:07.077672479Z"}
{"log":"  link: 'S:/0500-0599/StO 0504 Heinsestr 22-24 FW/20236538 Inspektion',\n","stream":"stdout","time":"2024-04-17T11:34:07.077675279Z"}
{"log":"  filename: '__locally_added__1712669711000__locally_added__CAP7928783376185575018_jpg.maybe.jpg'\n","stream":"stdout","time":"2024-04-17T11:34:07.077677479Z"}
{"log":"}\n","stream":"stdout","time":"2024-04-17T11:34:07.077679979Z"}
{"log":"gettin file from  {\n","stream":"stdout","time":"2024-04-17T11:34:07.078553997Z"}
{"log":"  rootpath: '.',\n","stream":"stdout","time":"2024-04-17T11:34:07.078567598Z"}
{"log":"  link: 'S:/0500-0599/StO 0504 Heinsestr 22-24 FW/20236538 Inspektion',\n","stream":"stdout","time":"2024-04-17T11:34:07.078571098Z"}
{"log":"  filename: '__locally_added__1712669699000__locally_added__CAP7485542291826671539_jpg.maybe.jpg'\n","stream":"stdout","time":"2024-04-17T11:34:07.078573998Z"}
{"log":"}\n","stream":"stdout","time":"2024-04-17T11:34:07.078577198Z"}
{"log":"gettin file from  {\n","stream":"stdout","time":"2024-04-17T11:34:07.079307313Z"}
{"log":"  rootpath: '.',\n","stream":"stdout","time":"2024-04-17T11:34:07.079319314Z"}
{"log":"  link: 'S:/0500-0599/StO 0530 Kochstraße 22 Neubau/20236554 Inspektion',\n","stream":"stdout","time":"2024-04-17T11:34:07.079322414Z"}
{"log":"  filename: '__locally_added__1712650046000__locally_added__CAP1426101287759827989_jpg.maybe.jpg'\n","stream":"stdout","time":"2024-04-17T11:34:07.079326014Z"}
{"log":"}\n","stream":"stdout","time":"2024-04-17T11:34:07.079329114Z"}
{"log":"gettin file from  {\n","stream":"stdout","time":"2024-04-17T11:34:07.08007713Z"}
{"log":"  rootpath: '.',\n","stream":"stdout","time":"2024-04-17T11:34:07.08009693Z"}
{"log":"  link: 'S:/0500-0599/StO 0530 Kochstraße 22 Neubau/20236554 Inspektion',\n","stream":"stdout","time":"2024-04-17T11:34:07.08009973Z"}
{"log":"  filename: '__locally_added__1712650624000__locally_added__CAP5991536482088259743_jpg.maybe.jpg'\n","stream":"stdout","time":"2024-04-17T11:34:07.08011643Z"}
{"log":"}\n","stream":"stdout","time":"2024-04-17T11:34:07.080118631Z"}
{"log":"gettin file from  {\n","stream":"stdout","time":"2024-04-17T11:34:07.080749844Z"}
{"log":"  rootpath: '.',\n","stream":"stdout","time":"2024-04-17T11:34:07.080759844Z"}
{"log":"  link: 'S:/0500-0599/StO 0504 Heinsestr 22-24 FW/20236538 Inspektion',\n","stream":"stdout","time":"2024-04-17T11:34:07.080762144Z"}
{"log":"  filename: '__locally_added__1712667157000__locally_added__CAP7567068436012030787_jpg.maybe.jpg'\n","stream":"stdout","time":"2024-04-17T11:34:07.080778745Z"}
{"log":"}\n","stream":"stdout","time":"2024-04-17T11:34:07.080781145Z"}
{"log":"gettin file from  {\n","stream":"stdout","time":"2024-04-17T11:34:07.081315356Z"}
{"log":"  rootpath: '.',\n","stream":"stdout","time":"2024-04-17T11:34:07.081324656Z"}
{"log":"  link: 'S:/0500-0599/StO 0545 Potsdamer Platz - debis/20236550 Inspektion',\n","stream":"stdout","time":"2024-04-17T11:34:07.081326756Z"}
{"log":"  filename: '__locally_added__1712643589000__locally_added__CAP1830604185443951817_jpg.maybe.jpg'\n","stream":"stdout","time":"2024-04-17T11:34:07.081328756Z"}
{"log":"}\n","stream":"stdout","time":"2024-04-17T11:34:07.081330756Z"}
{"log":"gettin file from  {\n","stream":"stdout","time":"2024-04-17T11:34:07.081937469Z"}
{"log":"  rootpath: '.',\n","stream":"stdout","time":"2024-04-17T11:34:07.081946769Z"}
{"log":"  link: 'S:/0500-0599/StO 0545 Potsdamer Platz - debis/20236550 Inspektion',\n","stream":"stdout","time":"2024-04-17T11:34:07.081949269Z"}
{"log":"  filename: '__locally_added__1712641716000__locally_added__CAP1695644378771249471_jpg.maybe.jpg'\n","stream":"stdout","time":"2024-04-17T11:34:07.08195117Z"}
{"log":"}\n","stream":"stdout","time":"2024-04-17T11:34:07.08195317Z"}
{"log":"gettin file from  {\n","stream":"stdout","time":"2024-04-17T11:34:07.095952067Z"}
{"log":"  rootpath: '.',\n","stream":"stdout","time":"2024-04-17T11:34:07.095964068Z"}
{"log":"  link: 'S:/0500-0599/StO 0545 Potsdamer Platz - debis/20236550 Inspektion',\n","stream":"stdout","time":"2024-04-17T11:34:07.095966968Z"}
{"log":"  filename: '__locally_added__1712643597000__locally_added__CAP7338001051037779297_jpg.maybe.jpg'\n","stream":"stdout","time":"2024-04-17T11:34:07.095969268Z"}
{"log":"}\n","stream":"stdout","time":"2024-04-17T11:34:07.095971368Z"}
{"log":"gettin file from  {\n","stream":"stdout","time":"2024-04-17T11:34:07.096704283Z"}
{"log":"  rootpath: '.',\n","stream":"stdout","time":"2024-04-17T11:34:07.096720884Z"}
{"log":"  link: 'S:/1000-1099/StO 1051 Europacenter/20236551 Inspektion',\n","stream":"stdout","time":"2024-04-17T11:34:07.096724684Z"}
{"log":"  filename: '__locally_added__1712658762000__locally_added__CAP3244967912174526282_jpg.maybe.jpg'\n","stream":"stdout","time":"2024-04-17T11:34:07.096728084Z"}
{"log":"}\n","stream":"stdout","time":"2024-04-17T11:34:07.096731384Z"}
{"log":"gettin file from  {\n","stream":"stdout","time":"2024-04-17T11:34:07.097457899Z"}
{"log":"  rootpath: '.',\n","stream":"stdout","time":"2024-04-17T11:34:07.0974715Z"}
{"log":"  link: 'S:/0500-0599/StO 0530 Kochstraße 22 Neubau/20236554 Inspektion',\n","stream":"stdout","time":"2024-04-17T11:34:07.0974749Z"}
{"log":"  filename: '__locally_added__1712650624000__locally_added__CAP5014306883463681331_jpg.maybe.jpg'\n","stream":"stdout","time":"2024-04-17T11:34:07.0974783Z"}
{"log":"}\n","stream":"stdout","time":"2024-04-17T11:34:07.0974814Z"}
{"log":"gettin file from  {\n","stream":"stdout","time":"2024-04-17T11:34:07.098160814Z"}
{"log":"  rootpath: '.',\n","stream":"stdout","time":"2024-04-17T11:34:07.098184915Z"}
{"log":"  link: 'S:/15200-15299/StO 15216 FF Friedrichshagen Müggelseedamm 178/20236546 Inspektion',\n","stream":"stdout","time":"2024-04-17T11:34:07.098191515Z"}
{"log":"  filename: '__locally_added__1712563750000__locally_added__CAP1120532039301213201_jpg.maybe.jpg'\n","stream":"stdout","time":"2024-04-17T11:34:07.098195215Z"}
{"log":"}\n","stream":"stdout","time":"2024-04-17T11:34:07.098212515Z"}
{"log":"Params: KI,051290\n","stream":"stdout","time":"2024-04-17T11:34:07.105400368Z"}
{"log":"Params: KI,051290\n","stream":"stdout","time":"2024-04-17T11:34:07.105687174Z"}
{"log":"Params: KI,051290\n","stream":"stdout","time":"2024-04-17T11:34:07.10595998Z"}
{"log":"Params: KI,051290\n","stream":"stdout","time":"2024-04-17T11:34:07.106199885Z"}
{"log":"gettin file from  {\n","stream":"stdout","time":"2024-04-17T11:34:07.107227107Z"}
{"log":"  rootpath: '.',\n","stream":"stdout","time":"2024-04-17T11:34:07.107240507Z"}
{"log":"  link: 'S:/1000-1099/StO 1051 Europacenter/20236551 Inspektion',\n","stream":"stdout","time":"2024-04-17T11:34:07.107244107Z"}
{"log":"  filename: '__locally_added__1712661802000__locally_added__CAP1280621469532518396_jpg.maybe.jpg'\n","stream":"stdout","time":"2024-04-17T11:34:07.107247707Z"}
{"log":"}\n","stream":"stdout","time":"2024-04-17T11:34:07.107250808Z"}
{"log":"gettin file from  {\n","stream":"stdout","time":"2024-04-17T11:34:07.107928622Z"}
{"log":"  rootpath: '.',\n","stream":"stdout","time":"2024-04-17T11:34:07.107940922Z"}
{"log":"  link: 'S:/1000-1099/StO 1051 Europacenter/20236551 Inspektion',\n","stream":"stdout","time":"2024-04-17T11:34:07.107943322Z"}
{"log":"  filename: '__locally_added__1712661802000__locally_added__CAP7807184957407060773_jpg.maybe.jpg'\n","stream":"stdout","time":"2024-04-17T11:34:07.107945322Z"}
{"log":"}\n","stream":"stdout","time":"2024-04-17T11:34:07.107947422Z"}
{"log":"gettin file from  {\n","stream":"stdout","time":"2024-04-17T11:34:07.108428833Z"}
{"log":"  rootpath: '.',\n","stream":"stdout","time":"2024-04-17T11:34:07.108439533Z"}
{"log":"  link: 'S:/15200-15299/StO 15216 FF Friedrichshagen Müggelseedamm 178/20236546 Inspektion',\n","stream":"stdout","time":"2024-04-17T11:34:07.108441733Z"}
{"log":"  filename: '__locally_added__1712563750000__locally_added__CAP5859531739971893078_jpg.maybe.jpg'\n","stream":"stdout","time":"2024-04-17T11:34:07.108444033Z"}
{"log":"}\n","stream":"stdout","time":"2024-04-17T11:34:07.108446033Z"}
{"log":"gettin file from  {\n","stream":"stdout","time":"2024-04-17T11:34:07.108900143Z"}
{"log":"  rootpath: '.',\n","stream":"stdout","time":"2024-04-17T11:34:07.108910843Z"}
{"log":"  link: 'S:/0500-0599/StO 0530 Kochstraße 22 Neubau/20236554 Inspektion',\n","stream":"stdout","time":"2024-04-17T11:34:07.108913043Z"}
{"log":"  filename: '__locally_added__1712650046000__locally_added__CAP6790372350236046991_jpg.maybe.jpg'\n","stream":"stdout","time":"2024-04-17T11:34:07.108915143Z"}
{"log":"}\n","stream":"stdout","time":"2024-04-17T11:34:07.108917143Z"}
{"log":"gettin file from  {\n","stream":"stdout","time":"2024-04-17T11:34:07.109364052Z"}
{"log":"  rootpath: '.',\n","stream":"stdout","time":"2024-04-17T11:34:07.109373753Z"}
{"log":"  link: 'S:/1300-1399/StO 1384 FW Treptow/20236545 Inspektion',\n","stream":"stdout","time":"2024-04-17T11:34:07.109375953Z"}
{"log":"  filename: '__locally_added__1712571708000__locally_added__CAP8866017931656980728_jpg.maybe.jpg'\n","stream":"stdout","time":"2024-04-17T11:34:07.109377853Z"}
{"log":"}\n","stream":"stdout","time":"2024-04-17T11:34:07.109379853Z"}
{"log":"gettin file from  {\n","stream":"stdout","time":"2024-04-17T11:34:07.109830662Z"}
{"log":"  rootpath: '.',\n","stream":"stdout","time":"2024-04-17T11:34:07.109841563Z"}
{"log":"  link: 'S:/15200-15299/StO 15216 FF Friedrichshagen Müggelseedamm 178/20236546 Inspektion',\n","stream":"stdout","time":"2024-04-17T11:34:07.109844363Z"}
{"log":"  filename: '__locally_added__1712565732000__locally_added__CAP2482321685717931761_jpg.maybe.jpg'\n","stream":"stdout","time":"2024-04-17T11:34:07.109846863Z"}
{"log":"}\n","stream":"stdout","time":"2024-04-17T11:34:07.109849263Z"}
{"log":"Params: KI,051290\n","stream":"stdout","time":"2024-04-17T11:34:07.110488776Z"}
{"log":"Params: KI,051290\n","stream":"stdout","time":"2024-04-17T11:34:07.110741982Z"}
{"log":"Params: KI,051290\n","stream":"stdout","time":"2024-04-17T11:34:07.111051088Z"}
{"log":"Params: KI,051290\n","stream":"stdout","time":"2024-04-17T11:34:07.111086089Z"}
{"log":"Params: KI,051290\n","stream":"stdout","time":"2024-04-17T11:34:07.111388496Z"}
{"log":"Params: KI,051290\n","stream":"stdout","time":"2024-04-17T11:34:07.111779604Z"}
{"log":"Params: KI,051290\n","stream":"stdout","time":"2024-04-17T11:34:07.112008709Z"}
{"log":"Params: KI,051290\n","stream":"stdout","time":"2024-04-17T11:34:07.112018409Z"}
{"log":"Params: KI,051290\n","stream":"stdout","time":"2024-04-17T11:34:07.112127411Z"}
{"log":"Params: KI,051290\n","stream":"stdout","time":"2024-04-17T11:34:07.112133811Z"}
{"log":"Params: KI,051290\n","stream":"stdout","time":"2024-04-17T11:34:07.112237914Z"}
{"log":"Params: KI,051290\n","stream":"stdout","time":"2024-04-17T11:34:07.112355016Z"}
{"log":"Params: KI,051290\n","stream":"stdout","time":"2024-04-17T11:34:07.112479919Z"}
{"log":"Params: KI,051290\n","stream":"stdout","time":"2024-04-17T11:34:07.112486719Z"}
{"log":"Params: KI,051290\n","stream":"stdout","time":"2024-04-17T11:34:07.112600821Z"}
{"log":"Params: KI,051290\n","stream":"stdout","time":"2024-04-17T11:34:07.112607521Z"}
{"log":"Params: KI,051290\n","stream":"stdout","time":"2024-04-17T11:34:07.112735024Z"}
{"log":"Params: KI,051290\n","stream":"stdout","time":"2024-04-17T11:34:07.112741724Z"}
{"log":"Params: KI,051290\n","stream":"stdout","time":"2024-04-17T11:34:07.112744024Z"}
{"log":"Params: KI,051290\n","stream":"stdout","time":"2024-04-17T11:34:07.112847427Z"}
{"log":"Params: KI,051290\n","stream":"stdout","time":"2024-04-17T11:34:07.112855927Z"}
{"log":"Params: KI,051290\n","stream":"stdout","time":"2024-04-17T11:34:07.11299743Z"}
{"log":"Params: KI,051290\n","stream":"stdout","time":"2024-04-17T11:34:07.11300563Z"}
{"log":"Params: KI,051290\n","stream":"stdout","time":"2024-04-17T11:34:07.113076431Z"}
{"log":"Params: KI,051290\n","stream":"stdout","time":"2024-04-17T11:34:07.113383438Z"}
{"log":"Params: KI,051290\n","stream":"stdout","time":"2024-04-17T11:34:07.113393638Z"}
{"log":"Params: KI,051290\n","stream":"stdout","time":"2024-04-17T11:34:07.11348624Z"}
{"log":"Params: KI,051290\n","stream":"stdout","time":"2024-04-17T11:34:07.11349244Z"}
{"log":"Params: KI,051290\n","stream":"stdout","time":"2024-04-17T11:34:07.113623043Z"}
{"log":"Params: KI,051290\n","stream":"stdout","time":"2024-04-17T11:34:07.113629843Z"}
{"log":"Params: KI,051290\n","stream":"stdout","time":"2024-04-17T11:34:07.113632343Z"}
{"log":"Params: KI,051290\n","stream":"stdout","time":"2024-04-17T11:34:07.113746246Z"}
{"log":"Params: KI,051290\n","stream":"stdout","time":"2024-04-17T11:34:07.129683885Z"}
{"log":"Params: KI,051290\n","stream":"stdout","time":"2024-04-17T11:34:07.143954288Z"}
{"log":"Params: KI,051290\n","stream":"stdout","time":"2024-04-17T11:34:07.144425298Z"}
{"log":"Params: KI,051290\n","stream":"stdout","time":"2024-04-17T11:34:07.144635302Z"}
{"log":"Params: KI,051290\n","stream":"stdout","time":"2024-04-17T11:34:07.144836007Z"}
{"log":"Params: KI,051290\n","stream":"stdout","time":"2024-04-17T11:34:07.145031111Z"}
{"log":"Params: KI,051290\n","stream":"stdout","time":"2024-04-17T11:34:07.145142413Z"}
{"log":"Params: KI,051290\n","stream":"stdout","time":"2024-04-17T11:34:07.145353318Z"}
{"log":"Params: KI,051290\n","stream":"stdout","time":"2024-04-17T11:34:07.145545522Z"}
{"log":"Params: KI,051290\n","stream":"stdout","time":"2024-04-17T11:34:07.145716825Z"}
{"log":"Params: KI,051290\n","stream":"stdout","time":"2024-04-17T11:34:07.14590603Z"}
{"log":"Params: KI,051290\n","stream":"stdout","time":"2024-04-17T11:34:07.146088133Z"}
{"log":"Params: KI,051290\n","stream":"stdout","time":"2024-04-17T11:34:07.146262037Z"}
{"log":"Params: KI,051290\n","stream":"stdout","time":"2024-04-17T11:34:07.146456041Z"}
{"log":"Params: KI,051290\n","stream":"stdout","time":"2024-04-17T11:34:07.146640145Z"}
{"log":"Params: KI,051290\n","stream":"stdout","time":"2024-04-17T11:34:07.146837949Z"}
{"log":"gettin file from  {\n","stream":"stdout","time":"2024-04-17T11:34:07.170216946Z"}
{"log":"  rootpath: '.',\n","stream":"stdout","time":"2024-04-17T11:34:07.170256247Z"}
{"log":"  link: 'S:/1300-1399/StO 1384 FW Treptow/20236545 Inspektion',\n","stream":"stdout","time":"2024-04-17T11:34:07.170259647Z"}
{"log":"  filename: '__locally_added__1712571708000__locally_added__CAP8491545604575391848_jpg.maybe.jpg'\n","stream":"stdout","time":"2024-04-17T11:34:07.170261747Z"}
{"log":"}\n","stream":"stdout","time":"2024-04-17T11:34:07.170263647Z"}
{"log":"gettin file from  {\n","stream":"stdout","time":"2024-04-17T11:34:07.170265448Z"}
{"log":"  rootpath: '.',\n","stream":"stdout","time":"2024-04-17T11:34:07.170267148Z"}
{"log":"  link: 'S:/1300-1399/StO 1384 FW Treptow/20236545 Inspektion',\n","stream":"stdout","time":"2024-04-17T11:34:07.170268848Z"}
{"log":"  filename: '__locally_added__1712576196000__locally_added__CAP746918297586171093_jpg.maybe.jpg'\n","stream":"stdout","time":"2024-04-17T11:34:07.170270748Z"}
{"log":"}\n","stream":"stdout","time":"2024-04-17T11:34:07.170272648Z"}
{"log":"gettin file from  {\n","stream":"stdout","time":"2024-04-17T11:34:07.173384614Z"}
{"log":"  rootpath: '.',\n","stream":"stdout","time":"2024-04-17T11:34:07.173397114Z"}
{"log":"  link: 'S:/0300-0399/StO 0340 Trebbiner Str. 1-6/20246132 Inspektion',\n","stream":"stdout","time":"2024-04-17T11:34:07.173399414Z"}
{"log":"  filename: '__locally_added__1712728989000__locally_added__CAP3105118731985552892_jpg.maybe.jpg'\n","stream":"stdout","time":"2024-04-17T11:34:07.173401414Z"}
{"log":"}\n","stream":"stdout","time":"2024-04-17T11:34:07.173403314Z"}
{"log":"gettin file from  {\n","stream":"stdout","time":"2024-04-17T11:34:07.174945847Z"}
{"log":"  rootpath: '.',\n","stream":"stdout","time":"2024-04-17T11:34:07.174956347Z"}
{"log":"  link: 'S:/1000-1099/StO 1051 Europacenter/20236551 Inspektion',\n","stream":"stdout","time":"2024-04-17T11:34:07.174958747Z"}
{"log":"  filename: '__locally_added__1712658762000__locally_added__CAP7275321103572784082_jpg.maybe.jpg'\n","stream":"stdout","time":"2024-04-17T11:34:07.174960647Z"}
{"log":"}\n","stream":"stdout","time":"2024-04-17T11:34:07.174962647Z"}
{"log":"gettin file from  {\n","stream":"stdout","time":"2024-04-17T11:34:07.179758149Z"}
{"log":"  rootpath: '.',\n","stream":"stdout","time":"2024-04-17T11:34:07.17977845Z"}
{"log":"  link: 'S:/1000-1099/StO 1051 Europacenter/20236551 Inspektion',\n","stream":"stdout","time":"2024-04-17T11:34:07.179815251Z"}
{"log":"  filename: '__locally_added__1712663171000__locally_added__CAP60549750302520042_jpg.maybe.jpg'\n","stream":"stdout","time":"2024-04-17T11:34:07.179822951Z"}
{"log":"}\n","stream":"stdout","time":"2024-04-17T11:34:07.179840651Z"}
{"log":"gettin file from  {\n","stream":"stdout","time":"2024-04-17T11:34:07.180944175Z"}
{"log":"  rootpath: '.',\n","stream":"stdout","time":"2024-04-17T11:34:07.180961075Z"}
{"log":"  link: 'S:/15200-15299/StO 15216 FF Friedrichshagen Müggelseedamm 178/20236546 Inspektion',\n","stream":"stdout","time":"2024-04-17T11:34:07.180986075Z"}
{"log":"  filename: '__locally_added__1712563750000__locally_added__CAP1471469899382184266_jpg.maybe.jpg'\n","stream":"stdout","time":"2024-04-17T11:34:07.181001876Z"}
{"log":"}\n","stream":"stdout","time":"2024-04-17T11:34:07.181025176Z"}
{"log":"gettin file from  {\n","stream":"stdout","time":"2024-04-17T11:34:07.1821212Z"}
{"log":"  rootpath: '.',\n","stream":"stdout","time":"2024-04-17T11:34:07.1821377Z"}
{"log":"  link: 'S:/1300-1399/StO 1384 FW Treptow/20236545 Inspektion',\n","stream":"stdout","time":"2024-04-17T11:34:07.1821607Z"}
{"log":"  filename: '__locally_added__1712576196000__locally_added__CAP8322865403342137394_jpg.maybe.jpg'\n","stream":"stdout","time":"2024-04-17T11:34:07.182176701Z"}
{"log":"}\n","stream":"stdout","time":"2024-04-17T11:34:07.182195301Z"}
{"log":"gettin file from  {\n","stream":"stdout","time":"2024-04-17T11:34:07.182506208Z"}
{"log":"  rootpath: '.',\n","stream":"stdout","time":"2024-04-17T11:34:07.182518108Z"}
{"log":"  link: 'S:/1300-1399/StO 1384 FW Treptow/20236545 Inspektion',\n","stream":"stdout","time":"2024-04-17T11:34:07.182539609Z"}
{"log":"  filename: '__locally_added__1712576216000__locally_added__CAP8532246224259868174_jpg.maybe.jpg'\n","stream":"stdout","time":"2024-04-17T11:34:07.182554709Z"}
{"log":"}\n","stream":"stdout","time":"2024-04-17T11:34:07.182580409Z"}
{"log":"gettin file from  {\n","stream":"stdout","time":"2024-04-17T11:34:07.184829557Z"}
{"log":"  rootpath: '.',\n","stream":"stdout","time":"2024-04-17T11:34:07.184846658Z"}
{"log":"  link: 'S:/15200-15299/StO 15216 FF Friedrichshagen Müggelseedamm 178/20236546 Inspektion',\n","stream":"stdout","time":"2024-04-17T11:34:07.184872858Z"}
{"log":"  filename: '__locally_added__1712568277000__locally_added__CAP8377739940090641223_jpg.maybe.jpg'\n","stream":"stdout","time":"2024-04-17T11:34:07.184888258Z"}
{"log":"}\n","stream":"stdout","time":"2024-04-17T11:34:07.184906159Z"}
{"log":"gettin file from  {\n","stream":"stdout","time":"2024-04-17T11:34:07.202521933Z"}
{"log":"  rootpath: '.',\n","stream":"stdout","time":"2024-04-17T11:34:07.202591835Z"}
{"log":"  link: 'S:/1000-1099/StO 1051 Europacenter/20236551 Inspektion',\n","stream":"stdout","time":"2024-04-17T11:34:07.202616135Z"}
{"log":"  filename: '__locally_added__1712663745000__locally_added__CAP98149675967372459_jpg.maybe.jpg'\n","stream":"stdout","time":"2024-04-17T11:34:07.202643436Z"}
{"log":"}\n","stream":"stdout","time":"2024-04-17T11:34:07.202657536Z"}
{"log":"gettin file from  {\n","stream":"stdout","time":"2024-04-17T11:34:07.203666258Z"}
{"log":"  rootpath: '.',\n","stream":"stdout","time":"2024-04-17T11:34:07.203677558Z"}
{"log":"  link: 'S:/0300-0399/StO 0340 Trebbiner Str. 1-6/20246132 Inspektion',\n","stream":"stdout","time":"2024-04-17T11:34:07.203679958Z"}
{"log":"  filename: '__locally_added__1712726473000__locally_added__CAP1675678764807061466_jpg.maybe.jpg'\n","stream":"stdout","time":"2024-04-17T11:34:07.203681958Z"}
{"log":"}\n","stream":"stdout","time":"2024-04-17T11:34:07.203684858Z"}
{"log":"gettin file from  {\n","stream":"stdout","time":"2024-04-17T11:34:07.204165168Z"}
{"log":"  rootpath: '.',\n","stream":"stdout","time":"2024-04-17T11:34:07.204174569Z"}
{"log":"  link: 'S:/1300-1399/StO 1384 FW Treptow/20236545 Inspektion',\n","stream":"stdout","time":"2024-04-17T11:34:07.204176869Z"}
{"log":"  filename: '__locally_added__1712581296000__locally_added__CAP3712257603938949493_jpg.maybe.jpg'\n","stream":"stdout","time":"2024-04-17T11:34:07.204178869Z"}
{"log":"}\n","stream":"stdout","time":"2024-04-17T11:34:07.204180869Z"}
{"log":"gettin file from  {\n","stream":"stdout","time":"2024-04-17T11:34:08.671745978Z"}
{"log":"  rootpath: '.',\n","stream":"stdout","time":"2024-04-17T11:34:08.671781779Z"}
{"log":"  link: 'S:/0700-0799/StO 0728 Wilskistr 79/20246135 Inspektion',\n","stream":"stdout","time":"2024-04-17T11:34:08.671784779Z"}
{"log":"  filename: '__locally_added__1712747730000__locally_added__CAP8478210023730532303_jpg.maybe.jpg'\n","stream":"stdout","time":"2024-04-17T11:34:08.671786979Z"}
{"log":"}\n","stream":"stdout","time":"2024-04-17T11:34:08.671788979Z"}
{"log":"gettin file from  {\n","stream":"stdout","time":"2024-04-17T11:34:08.675364155Z"}
{"log":"  rootpath: '.',\n","stream":"stdout","time":"2024-04-17T11:34:08.675377755Z"}
{"log":"  link: 'S:/0700-0799/StO 0728 Wilskistr 79/20246135 Inspektion',\n","stream":"stdout","time":"2024-04-17T11:34:08.675380255Z"}
{"log":"  filename: '__locally_added__1712747730000__locally_added__CAP4103133505870385399_jpg.maybe.jpg'\n","stream":"stdout","time":"2024-04-17T11:34:08.675382255Z"}
{"log":"}\n","stream":"stdout","time":"2024-04-17T11:34:08.675384356Z"}
{"log":"gettin file from  {\n","stream":"stdout","time":"2024-04-17T11:34:08.676770585Z"}
{"log":"  rootpath: '.',\n","stream":"stdout","time":"2024-04-17T11:34:08.676781085Z"}
{"log":"  link: 'S:/1300-1399/StO 1384 FW Treptow/20236545 Inspektion',\n","stream":"stdout","time":"2024-04-17T11:34:08.676783385Z"}
{"log":"  filename: '__locally_added__1712580413000__locally_added__CAP8710999620802019242_jpg.maybe.jpg'\n","stream":"stdout","time":"2024-04-17T11:34:08.676785385Z"}
{"log":"}\n","stream":"stdout","time":"2024-04-17T11:34:08.676787385Z"}
{"log":"gettin file from  {\n","stream":"stdout","time":"2024-04-17T11:34:08.680646267Z"}
{"log":"  rootpath: '.',\n","stream":"stdout","time":"2024-04-17T11:34:08.680657368Z"}
{"log":"  link: 'S:/0300-0399/StO 0340 Trebbiner Str. 1-6/20246132 Inspektion',\n","stream":"stdout","time":"2024-04-17T11:34:08.680659868Z"}
{"log":"  filename: '__locally_added__1712732708000__locally_added__CAP4744318609350480411_jpg.maybe.jpg'\n","stream":"stdout","time":"2024-04-17T11:34:08.680662068Z"}
{"log":"}\n","stream":"stdout","time":"2024-04-17T11:34:08.680663968Z"}
{"log":"gettin file from  {\n","stream":"stdout","time":"2024-04-17T11:34:08.681074677Z"}
{"log":"  rootpath: '.',\n","stream":"stdout","time":"2024-04-17T11:34:08.681081577Z"}
{"log":"  link: 'S:/1300-1399/StO 1384 FW Treptow/20236545 Inspektion',\n","stream":"stdout","time":"2024-04-17T11:34:08.681083777Z"}
{"log":"  filename: '__locally_added__1712576196000__locally_added__CAP3038630631184186550_jpg.maybe.jpg'\n","stream":"stdout","time":"2024-04-17T11:34:08.681085877Z"}
{"log":"}\n","stream":"stdout","time":"2024-04-17T11:34:08.681087777Z"}
{"log":"gettin file from  {\n","stream":"stdout","time":"2024-04-17T11:34:08.681474285Z"}
{"log":"  rootpath: '.',\n","stream":"stdout","time":"2024-04-17T11:34:08.681479785Z"}
{"log":"  link: 'S:/0700-0799/StO 0728 Wilskistr 79/20246135 Inspektion',\n","stream":"stdout","time":"2024-04-17T11:34:08.681481785Z"}
{"log":"  filename: '__locally_added__1712747730000__locally_added__CAP4101785895939610652_jpg.maybe.jpg'\n","stream":"stdout","time":"2024-04-17T11:34:08.681483585Z"}
{"log":"}\n","stream":"stdout","time":"2024-04-17T11:34:08.681485485Z"}
{"log":"gettin file from  {\n","stream":"stdout","time":"2024-04-17T11:34:08.681917294Z"}
{"log":"  rootpath: '.',\n","stream":"stdout","time":"2024-04-17T11:34:08.681922895Z"}
{"log":"  link: 'S:/0700-0799/StO 0728 Wilskistr 79/20246135 Inspektion',\n","stream":"stdout","time":"2024-04-17T11:34:08.681924795Z"}
{"log":"  filename: '__locally_added__1712747730000__locally_added__CAP2962953314911210131_jpg.maybe.jpg'\n","stream":"stdout","time":"2024-04-17T11:34:08.681926695Z"}
{"log":"}\n","stream":"stdout","time":"2024-04-17T11:34:08.681928495Z"}
{"log":"gettin file from  {\n","stream":"stdout","time":"2024-04-17T11:34:08.682267102Z"}
{"log":"  rootpath: '.',\n","stream":"stdout","time":"2024-04-17T11:34:08.682272902Z"}
{"log":"  link: 'S:/1300-1399/StO 1384 FW Treptow/20236545 Inspektion',\n","stream":"stdout","time":"2024-04-17T11:34:08.682274802Z"}
{"log":"  filename: '__locally_added__1712581357000__locally_added__CAP4759294928308025927_jpg.maybe.jpg'\n","stream":"stdout","time":"2024-04-17T11:34:08.682276702Z"}
{"log":"}\n","stream":"stdout","time":"2024-04-17T11:34:08.682278602Z"}
{"log":"gettin file from  {\n","stream":"stdout","time":"2024-04-17T11:34:08.683157021Z"}
{"log":"  rootpath: '.',\n","stream":"stdout","time":"2024-04-17T11:34:08.683165821Z"}
{"log":"  link: 'S:/1000-1099/StO 1009 Tempelhofer Ufer 31/20246156 Inspektion',\n","stream":"stdout","time":"2024-04-17T11:34:08.683167821Z"}
{"log":"  filename: '__locally_added__1712734944000__locally_added__CAP4303925417053372387_jpg.maybe.jpg'\n","stream":"stdout","time":"2024-04-17T11:34:08.683170121Z"}
{"log":"}\n","stream":"stdout","time":"2024-04-17T11:34:08.683172421Z"}
{"log":"gettin file from  {\n","stream":"stdout","time":"2024-04-17T11:34:08.688679738Z"}
{"log":"  rootpath: '.',\n","stream":"stdout","time":"2024-04-17T11:34:08.688690338Z"}
{"log":"  link: 'S:/4300-4399/StO 4322 Machandelweg 24 BVG Ausbildungsstätte/20246134 Inspektion',\n","stream":"stdout","time":"2024-04-17T11:34:08.688693339Z"}
{"log":"  filename: '__locally_added__1712741955000__locally_added__CAP5921883136952155866_jpg.maybe.jpg'\n","stream":"stdout","time":"2024-04-17T11:34:08.688695839Z"}
{"log":"}\n","stream":"stdout","time":"2024-04-17T11:34:08.688697839Z"}
{"log":"gettin file from  {\n","stream":"stdout","time":"2024-04-17T11:34:08.691050089Z"}
{"log":"  rootpath: '.',\n","stream":"stdout","time":"2024-04-17T11:34:08.691057689Z"}
{"log":"  link: 'S:/0700-0799/StO 0746 Wendenschloßstraße 138 (BVG)/20246138 Inspektion',\n","stream":"stdout","time":"2024-04-17T11:34:08.691067689Z"}
{"log":"  filename: '__locally_added__1712824420000__locally_added__CAP7674156422964323772_jpg.maybe.jpg'\n","stream":"stdout","time":"2024-04-17T11:34:08.691069889Z"}
{"log":"}\n","stream":"stdout","time":"2024-04-17T11:34:08.691071789Z"}
{"log":"gettin file from  {\n","stream":"stdout","time":"2024-04-17T11:34:08.694767968Z"}
{"log":"  rootpath: '.',\n","stream":"stdout","time":"2024-04-17T11:34:08.694775868Z"}
{"log":"  link: 'S:/0700-0799/StO 0746 Wendenschloßstraße 138 (BVG)/20246138 Inspektion',\n","stream":"stdout","time":"2024-04-17T11:34:08.694777868Z"}
{"log":"  filename: '__locally_added__1712824454000__locally_added__CAP2283366988021650414_jpg.maybe.jpg'\n","stream":"stdout","time":"2024-04-17T11:34:08.694779968Z"}
{"log":"}\n","stream":"stdout","time":"2024-04-17T11:34:08.694781968Z"}
{"log":"gettin file from  {\n","stream":"stdout","time":"2024-04-17T11:34:08.69533438Z"}
{"log":"  rootpath: '.',\n","stream":"stdout","time":"2024-04-17T11:34:08.69534168Z"}
{"log":"  link: 'S:/0100-0199/StO 0151 Fürstenwalder Damm 739 (BVG)/20246131 Inspektion',\n","stream":"stdout","time":"2024-04-17T11:34:08.69534378Z"}
{"log":"  filename: '__locally_added__1712812816000__locally_added__CAP113033181422273743_jpg.maybe.jpg'\n","stream":"stdout","time":"2024-04-17T11:34:08.69534588Z"}
{"log":"}\n","stream":"stdout","time":"2024-04-17T11:34:08.69534768Z"}
{"log":"gettin file from  {\n","stream":"stdout","time":"2024-04-17T11:34:08.69579279Z"}
{"log":"  rootpath: '.',\n","stream":"stdout","time":"2024-04-17T11:34:08.69579999Z"}
{"log":"  link: 'S:/0100-0199/StO 0151 Fürstenwalder Damm 739 (BVG)/20246131 Inspektion',\n","stream":"stdout","time":"2024-04-17T11:34:08.69580199Z"}
{"log":"  filename: '__locally_added__1712821392000__locally_added__CAP6552896284886878543_jpg.maybe.jpg'\n","stream":"stdout","time":"2024-04-17T11:34:08.69580409Z"}
{"log":"}\n","stream":"stdout","time":"2024-04-17T11:34:08.69580609Z"}
{"log":"gettin file from  {\n","stream":"stdout","time":"2024-04-17T11:34:08.696129597Z"}
{"log":"  rootpath: '.',\n","stream":"stdout","time":"2024-04-17T11:34:08.696135197Z"}
{"log":"  link: 'S:/0700-0799/StO 0746 Wendenschloßstraße 138 (BVG)/20246138 Inspektion',\n","stream":"stdout","time":"2024-04-17T11:34:08.696136997Z"}
{"log":"  filename: '__locally_added__1712824381000__locally_added__CAP8428117981706564139_jpg.maybe.jpg'\n","stream":"stdout","time":"2024-04-17T11:34:08.696138997Z"}
{"log":"}\n","stream":"stdout","time":"2024-04-17T11:34:08.696140897Z"}
{"log":"gettin file from  {\n","stream":"stdout","time":"2024-04-17T11:34:08.698115339Z"}
{"log":"  rootpath: '.',\n","stream":"stdout","time":"2024-04-17T11:34:08.698121239Z"}
{"log":"  link: 'S:/0100-0199/StO 0151 Fürstenwalder Damm 739 (BVG)/20246131 Inspektion',\n","stream":"stdout","time":"2024-04-17T11:34:08.698123239Z"}
{"log":"  filename: '__locally_added__1712821996000__locally_added__CAP8272957629305258692_jpg.maybe.jpg'\n","stream":"stdout","time":"2024-04-17T11:34:08.698125339Z"}
{"log":"}\n","stream":"stdout","time":"2024-04-17T11:34:08.698127239Z"}
{"log":"gettin file from  {\n","stream":"stdout","time":"2024-04-17T11:34:08.698910356Z"}
{"log":"  rootpath: '.',\n","stream":"stdout","time":"2024-04-17T11:34:08.698922256Z"}
{"log":"  link: 'S:/1000-1099/StO 1008 Planstr Ost 6/20246140 Inspektion',\n","stream":"stdout","time":"2024-04-17T11:34:08.698925256Z"}
{"log":"  filename: '__locally_added__1712831776000__locally_added__CAP1009246596572662639_jpg.maybe.jpg'\n","stream":"stdout","time":"2024-04-17T11:34:08.698927856Z"}
{"log":"}\n","stream":"stdout","time":"2024-04-17T11:34:08.698930256Z"}
{"log":"gettin file from  {\n","stream":"stdout","time":"2024-04-17T11:34:08.699701573Z"}
{"log":"  rootpath: '.',\n","stream":"stdout","time":"2024-04-17T11:34:08.699708973Z"}
{"log":"  link: 'S:/0700-0799/StO 0744 Blankenfelderstraße/20246137 Inspektion',\n","stream":"stdout","time":"2024-04-17T11:34:08.699711073Z"}
{"log":"  filename: '__locally_added__1712903644000__locally_added__CAP1912074305847063655_jpg.maybe.jpg'\n","stream":"stdout","time":"2024-04-17T11:34:08.699719273Z"}
{"log":"}\n","stream":"stdout","time":"2024-04-17T11:34:08.699721273Z"}
{"log":"gettin file from  {\n","stream":"stdout","time":"2024-04-17T11:34:08.700796396Z"}
{"log":"  rootpath: '.',\n","stream":"stdout","time":"2024-04-17T11:34:08.700804296Z"}
{"log":"  link: 'S:/0700-0799/StO 0746 Wendenschloßstraße 138 (BVG)/20246138 Inspektion',\n","stream":"stdout","time":"2024-04-17T11:34:08.700806496Z"}
{"log":"  filename: '__locally_added__1712827453000__locally_added__CAP6431260014139234947_jpg.maybe.jpg'\n","stream":"stdout","time":"2024-04-17T11:34:08.700808596Z"}
{"log":"}\n","stream":"stdout","time":"2024-04-17T11:34:08.700810396Z"}
{"log":"gettin file from  {\n","stream":"stdout","time":"2024-04-17T11:34:08.701751016Z"}
{"log":"  rootpath: '.',\n","stream":"stdout","time":"2024-04-17T11:34:08.701759716Z"}
{"log":"  link: 'S:/0700-0799/StO 0746 Wendenschloßstraße 138 (BVG)/20246138 Inspektion',\n","stream":"stdout","time":"2024-04-17T11:34:08.701761816Z"}
{"log":"  filename: '__locally_added__1712828504000__locally_added__CAP2690261889113368259_jpg.maybe.jpg'\n","stream":"stdout","time":"2024-04-17T11:34:08.701763817Z"}
{"log":"}\n","stream":"stdout","time":"2024-04-17T11:34:08.701765817Z"}
{"log":"gettin file from  {\n","stream":"stdout","time":"2024-04-17T11:34:08.704660978Z"}
{"log":"  rootpath: '.',\n","stream":"stdout","time":"2024-04-17T11:34:08.704671378Z"}
{"log":"  link: 'S:/0100-0199/StO 0151 Fürstenwalder Damm 739 (BVG)/20246131 Inspektion',\n","stream":"stdout","time":"2024-04-17T11:34:08.704673778Z"}
{"log":"  filename: '__locally_added__1712812816000__locally_added__CAP103100374699219531_jpg.maybe.jpg'\n","stream":"stdout","time":"2024-04-17T11:34:08.704676078Z"}
{"log":"}\n","stream":"stdout","time":"2024-04-17T11:34:08.704677979Z"}
{"log":"gettin file from  {\n","stream":"stdout","time":"2024-04-17T11:34:08.704679779Z"}
{"log":"  rootpath: '.',\n","stream":"stdout","time":"2024-04-17T11:34:08.704681479Z"}
{"log":"  link: 'S:/0700-0799/StO 0728 Wilskistr 79/20246135 Inspektion',\n","stream":"stdout","time":"2024-04-17T11:34:08.704683179Z"}
{"log":"  filename: '__locally_added__1712752037000__locally_added__CAP6380155988901221222_jpg.maybe.jpg'\n","stream":"stdout","time":"2024-04-17T11:34:08.704684979Z"}
{"log":"}\n","stream":"stdout","time":"2024-04-17T11:34:08.704686979Z"}
{"log":"gettin file from  {\n","stream":"stdout","time":"2024-04-17T11:34:08.704688679Z"}
{"log":"  rootpath: '.',\n","stream":"stdout","time":"2024-04-17T11:34:08.704690379Z"}
{"log":"  link: 'S:/0100-0199/StO 0151 Fürstenwalder Damm 739 (BVG)/20246131 Inspektion',\n","stream":"stdout","time":"2024-04-17T11:34:08.704692079Z"}
{"log":"  filename: '__locally_added__1712820714000__locally_added__CAP1893738360810955730_jpg.maybe.jpg'\n","stream":"stdout","time":"2024-04-17T11:34:08.704693979Z"}
{"log":"}\n","stream":"stdout","time":"2024-04-17T11:34:08.704695979Z"}
{"log":"gettin file from  {\n","stream":"stdout","time":"2024-04-17T11:34:08.705073387Z"}
{"log":"  rootpath: '.',\n","stream":"stdout","time":"2024-04-17T11:34:08.705080787Z"}
{"log":"  link: 'S:/1000-1099/StO 1008 Planstr Ost 6/20246140 Inspektion',\n","stream":"stdout","time":"2024-04-17T11:34:08.705082887Z"}
{"log":"  filename: '__locally_added__1712831776000__locally_added__CAP5188660666460305281_jpg.maybe.jpg'\n","stream":"stdout","time":"2024-04-17T11:34:08.705084987Z"}
{"log":"}\n","stream":"stdout","time":"2024-04-17T11:34:08.705086987Z"}
{"log":"gettin file from  {\n","stream":"stdout","time":"2024-04-17T11:34:08.706118709Z"}
{"log":"  rootpath: '.',\n","stream":"stdout","time":"2024-04-17T11:34:08.70613911Z"}
{"log":"  link: 'S:/0700-0799/StO 0744 Blankenfelderstraße/20246137 Inspektion',\n","stream":"stdout","time":"2024-04-17T11:34:08.70614231Z"}
{"log":"  filename: '__locally_added__1712899311000__locally_added__CAP8622694713298409258_jpg.maybe.jpg'\n","stream":"stdout","time":"2024-04-17T11:34:08.70614481Z"}
{"log":"}\n","stream":"stdout","time":"2024-04-17T11:34:08.70615331Z"}
{"log":"gettin file from  {\n","stream":"stdout","time":"2024-04-17T11:34:08.707281434Z"}
{"log":"  rootpath: '.',\n","stream":"stdout","time":"2024-04-17T11:34:08.707292334Z"}
{"log":"  link: 'S:/0700-0799/StO 0744 Blankenfelderstraße/20246137 Inspektion',\n","stream":"stdout","time":"2024-04-17T11:34:08.707294634Z"}
{"log":"  filename: '__locally_added__1712903644000__locally_added__CAP3816152105459010629_jpg.maybe.jpg'\n","stream":"stdout","time":"2024-04-17T11:34:08.707296734Z"}
{"log":"}\n","stream":"stdout","time":"2024-04-17T11:34:08.707299034Z"}
{"log":"gettin file from  {\n","stream":"stdout","time":"2024-04-17T11:34:08.708542761Z"}
{"log":"  rootpath: '.',\n","stream":"stdout","time":"2024-04-17T11:34:08.708554561Z"}
{"log":"  link: 'S:/0700-0799/StO 0744 Blankenfelderstraße/20246137 Inspektion',\n","stream":"stdout","time":"2024-04-17T11:34:08.708557161Z"}
{"log":"  filename: '__locally_added__1712899236000__locally_added__CAP7065037220916914720_jpg.maybe.jpg'\n","stream":"stdout","time":"2024-04-17T11:34:08.708559361Z"}
{"log":"}\n","stream":"stdout","time":"2024-04-17T11:34:08.708561561Z"}
{"log":"gettin file from  {\n","stream":"stdout","time":"2024-04-17T11:34:08.709611283Z"}
{"log":"  rootpath: '.',\n","stream":"stdout","time":"2024-04-17T11:34:08.709622784Z"}
{"log":"  link: 'S:/0700-0799/StO 0732 Schulstraße 5-6/20246136 Inspektion',\n","stream":"stdout","time":"2024-04-17T11:34:08.709625384Z"}
{"log":"  filename: '__locally_added__1712911728000__locally_added__CAP2176665392229861544_jpg.maybe.jpg'\n","stream":"stdout","time":"2024-04-17T11:34:08.709627684Z"}
{"log":"}\n","stream":"stdout","time":"2024-04-17T11:34:08.709629984Z"}
{"log":"gettin file from  {\n","stream":"stdout","time":"2024-04-17T11:34:08.71085121Z"}
{"log":"  rootpath: '.',\n","stream":"stdout","time":"2024-04-17T11:34:08.71086021Z"}
{"log":"  link: 'S:/0700-0799/StO 0732 Schulstraße 5-6/20246136 Inspektion',\n","stream":"stdout","time":"2024-04-17T11:34:08.71086261Z"}
{"log":"  filename: '__locally_added__1712909366000__locally_added__CAP5167023692791156167_jpg.maybe.jpg'\n","stream":"stdout","time":"2024-04-17T11:34:08.71086481Z"}
{"log":"}\n","stream":"stdout","time":"2024-04-17T11:34:08.71086671Z"}
{"log":"gettin file from  {\n","stream":"stdout","time":"2024-04-17T11:34:08.711480623Z"}
{"log":"  rootpath: '.',\n","stream":"stdout","time":"2024-04-17T11:34:08.711488523Z"}
{"log":"  link: 'S:/1000-1099/StO 1008 Planstr Ost 6/20246140 Inspektion',\n","stream":"stdout","time":"2024-04-17T11:34:08.711490723Z"}
{"log":"  filename: '__locally_added__1712836232000__locally_added__CAP9007726951746498637_jpg.maybe.jpg'\n","stream":"stdout","time":"2024-04-17T11:34:08.711492623Z"}
{"log":"}\n","stream":"stdout","time":"2024-04-17T11:34:08.711494623Z"}
{"log":"gettin file from  {\n","stream":"stdout","time":"2024-04-17T11:34:08.712183538Z"}
{"log":"  rootpath: '.',\n","stream":"stdout","time":"2024-04-17T11:34:08.712191138Z"}
{"log":"  link: 'S:/1000-1099/StO 1008 Planstr Ost 6/20246140 Inspektion',\n","stream":"stdout","time":"2024-04-17T11:34:08.712193238Z"}
{"log":"  filename: '__locally_added__1712831776000__locally_added__CAP4804784028660696042_jpg.maybe.jpg'\n","stream":"stdout","time":"2024-04-17T11:34:08.712195038Z"}
{"log":"}\n","stream":"stdout","time":"2024-04-17T11:34:08.712197038Z"}
{"log":"gettin file from  {\n","stream":"stdout","time":"2024-04-17T11:34:08.716363927Z"}
{"log":"  rootpath: '.',\n","stream":"stdout","time":"2024-04-17T11:34:08.716374527Z"}
{"log":"  link: 'S:/0700-0799/StO 0732 Schulstraße 5-6/20246136 Inspektion',\n","stream":"stdout","time":"2024-04-17T11:34:08.716377027Z"}
{"log":"  filename: '__locally_added__1712911728000__locally_added__CAP3669942037011590421_jpg.maybe.jpg'\n","stream":"stdout","time":"2024-04-17T11:34:08.716379427Z"}
{"log":"}\n","stream":"stdout","time":"2024-04-17T11:34:08.716381427Z"}
{"log":"gettin file from  {\n","stream":"stdout","time":"2024-04-17T11:34:08.717013141Z"}
{"log":"  rootpath: '.',\n","stream":"stdout","time":"2024-04-17T11:34:08.717026541Z"}
{"log":"  link: 'S:/1000-1099/StO 1008 Planstr Ost 6/20246140 Inspektion',\n","stream":"stdout","time":"2024-04-17T11:34:08.717028841Z"}
{"log":"  filename: '__locally_added__1712836437000__locally_added__CAP250798817584659424_jpg.maybe.jpg'\n","stream":"stdout","time":"2024-04-17T11:34:08.717030741Z"}
{"log":"}\n","stream":"stdout","time":"2024-04-17T11:34:08.717032541Z"}
{"log":"gettin file from  {\n","stream":"stdout","time":"2024-04-17T11:34:08.717403649Z"}
{"log":"  rootpath: '.',\n","stream":"stdout","time":"2024-04-17T11:34:08.717411349Z"}
{"log":"  link: 'S:/0700-0799/StO 0744 Blankenfelderstraße/20246137 Inspektion',\n","stream":"stdout","time":"2024-04-17T11:34:08.717413449Z"}
{"log":"  filename: '__locally_added__1712904163000__locally_added__CAP1495592124045008954_jpg.maybe.jpg'\n","stream":"stdout","time":"2024-04-17T11:34:08.717415549Z"}
{"log":"}\n","stream":"stdout","time":"2024-04-17T11:34:08.717417449Z"}
{"log":"gettin file from  {\n","stream":"stdout","time":"2024-04-17T11:34:08.71792866Z"}
{"log":"  rootpath: '.',\n","stream":"stdout","time":"2024-04-17T11:34:08.71793716Z"}
{"log":"  link: 'S:/0700-0799/StO 0732 Schulstraße 5-6/20246136 Inspektion',\n","stream":"stdout","time":"2024-04-17T11:34:08.717939261Z"}
{"log":"  filename: '__locally_added__1712911728000__locally_added__CAP9133179826755166423_jpg.maybe.jpg'\n","stream":"stdout","time":"2024-04-17T11:34:08.717941361Z"}
{"log":"}\n","stream":"stdout","time":"2024-04-17T11:34:08.717943261Z"}
{"log":"gettin file from  {\n","stream":"stdout","time":"2024-04-17T11:34:08.718271168Z"}
{"log":"  rootpath: '.',\n","stream":"stdout","time":"2024-04-17T11:34:08.718278168Z"}
{"log":"  link: 'S:/0700-0799/StO 0732 Schulstraße 5-6/20246136 Inspektion',\n","stream":"stdout","time":"2024-04-17T11:34:08.718280068Z"}
{"log":"  filename: '__locally_added__1712909366000__locally_added__CAP5326246770755728153_jpg.maybe.jpg'\n","stream":"stdout","time":"2024-04-17T11:34:08.718282168Z"}
{"log":"}\n","stream":"stdout","time":"2024-04-17T11:34:08.718284068Z"}
{"log":"gettin file from  {\n","stream":"stdout","time":"2024-04-17T11:34:08.719293989Z"}
{"log":"  rootpath: '.',\n","stream":"stdout","time":"2024-04-17T11:34:08.71930189Z"}
{"log":"  link: 'S:/0700-0799/StO 0744 Blankenfelderstraße/20246137 Inspektion',\n","stream":"stdout","time":"2024-04-17T11:34:08.71930379Z"}
{"log":"  filename: '__locally_added__1712899218000__locally_added__CAP2765220902749665560_jpg.maybe.jpg'\n","stream":"stdout","time":"2024-04-17T11:34:08.71930589Z"}
{"log":"}\n","stream":"stdout","time":"2024-04-17T11:34:08.71930789Z"}
{"log":"gettin file from  {\n","stream":"stdout","time":"2024-04-17T11:34:08.719678098Z"}
{"log":"  rootpath: '.',\n","stream":"stdout","time":"2024-04-17T11:34:08.719685398Z"}
{"log":"  link: 'S:/0700-0799/StO 0746 Wendenschloßstraße 138 (BVG)/20246138 Inspektion',\n","stream":"stdout","time":"2024-04-17T11:34:08.719687398Z"}
{"log":"  filename: '__locally_added__1712827453000__locally_added__CAP7511746370002947515_jpg.maybe.jpg'\n","stream":"stdout","time":"2024-04-17T11:34:08.719689398Z"}
{"log":"}\n","stream":"stdout","time":"2024-04-17T11:34:08.719691398Z"}
{"log":"gettin file from  {\n","stream":"stdout","time":"2024-04-17T11:34:08.720131307Z"}
{"log":"  rootpath: '.',\n","stream":"stdout","time":"2024-04-17T11:34:08.720138207Z"}
{"log":"  link: 'S:/0700-0799/StO 0732 Schulstraße 5-6/20246136 Inspektion',\n","stream":"stdout","time":"2024-04-17T11:34:08.720140107Z"}
{"log":"  filename: '__locally_added__1712912634000__locally_added__CAP4923727982044660296_jpg.maybe.jpg'\n","stream":"stdout","time":"2024-04-17T11:34:08.720142207Z"}
{"log":"}\n","stream":"stdout","time":"2024-04-17T11:34:08.720144007Z"}
{"log":"gettin file from  {\n","stream":"stdout","time":"2024-04-17T11:34:08.722863065Z"}
{"log":"  rootpath: '.',\n","stream":"stdout","time":"2024-04-17T11:34:08.722872765Z"}
{"log":"  link: 'S:/0700-0799/StO 0746 Wendenschloßstraße 138 (BVG)/20246138 Inspektion',\n","stream":"stdout","time":"2024-04-17T11:34:08.722874865Z"}
{"log":"  filename: '__locally_added__1712824454000__locally_added__CAP4433061971032213838_jpg.maybe.jpg'\n","stream":"stdout","time":"2024-04-17T11:34:08.722881966Z"}
{"log":"}\n","stream":"stdout","time":"2024-04-17T11:34:08.722884266Z"}
{"log":"Params: KI,051290\n","stream":"stdout","time":"2024-04-17T11:34:10.44241534Z"}
{"log":"Params: KI,051290\n","stream":"stdout","time":"2024-04-17T11:34:10.44384197Z"}
{"log":"Params: KI,051290\n","stream":"stdout","time":"2024-04-17T11:34:10.444102076Z"}
{"log":"Params: KI,051290\n","stream":"stdout","time":"2024-04-17T11:34:11.840535083Z"}
{"log":"Params: KI,051290\n","stream":"stdout","time":"2024-04-17T11:34:11.842509825Z"}
{"log":"Params: KI,051290\n","stream":"stdout","time":"2024-04-17T11:34:11.84277123Z"}
{"log":"Params: KI,051290\n","stream":"stdout","time":"2024-04-17T11:34:11.843003035Z"}
{"log":"Params: KI,051290\n","stream":"stdout","time":"2024-04-17T11:34:11.84322844Z"}
{"log":"Params: KI,051290\n","stream":"stdout","time":"2024-04-17T11:34:11.843449145Z"}
{"log":"Params: KI,051290\n","stream":"stdout","time":"2024-04-17T11:34:11.850575696Z"}
{"log":"Params: KI,051290\n","stream":"stdout","time":"2024-04-17T11:34:11.852371034Z"}
{"log":"Params: KI,051290\n","stream":"stdout","time":"2024-04-17T11:34:11.852943647Z"}
{"log":"Params: KI,051290\n","stream":"stdout","time":"2024-04-17T11:34:11.853315454Z"}
{"log":"Params: KI,051290\n","stream":"stdout","time":"2024-04-17T11:34:11.866007024Z"}
{"log":"Params: KI,051290\n","stream":"stdout","time":"2024-04-17T11:34:11.866402833Z"}
{"log":"Params: KI,051290\n","stream":"stdout","time":"2024-04-17T11:34:11.867880164Z"}
{"log":"Params: KI,051290\n","stream":"stdout","time":"2024-04-17T11:34:11.86813237Z"}
{"log":"Params: KI,051290\n","stream":"stdout","time":"2024-04-17T11:34:11.868372475Z"}
{"log":"Params: KI,051290\n","stream":"stdout","time":"2024-04-17T11:34:11.86860708Z"}
{"log":"Params: KI,051290\n","stream":"stdout","time":"2024-04-17T11:34:11.868816484Z"}
{"log":"Params: KI,051290\n","stream":"stdout","time":"2024-04-17T11:34:11.869039289Z"}
{"log":"Params: KI,051290\n","stream":"stdout","time":"2024-04-17T11:34:11.869168292Z"}
{"log":"Params: KI,051290\n","stream":"stdout","time":"2024-04-17T11:34:11.869299294Z"}
{"log":"Params: KI,051290\n","stream":"stdout","time":"2024-04-17T11:34:11.869424997Z"}
{"log":"Params: KI,051290\n","stream":"stdout","time":"2024-04-17T11:34:11.8695427Z"}
{"log":"Params: KI,051290\n","stream":"stdout","time":"2024-04-17T11:34:11.869664602Z"}
{"log":"Params: KI,051290\n","stream":"stdout","time":"2024-04-17T11:34:11.869790705Z"}
{"log":"Params: KI,051290\n","stream":"stdout","time":"2024-04-17T11:34:11.869912007Z"}
{"log":"Params: KI,051290\n","stream":"stdout","time":"2024-04-17T11:34:11.87003611Z"}
{"log":"Params: KI,051290\n","stream":"stdout","time":"2024-04-17T11:34:11.870164013Z"}
{"log":"Params: KI,051290\n","stream":"stdout","time":"2024-04-17T11:34:11.870281115Z"}
{"log":"Params: KI,051290\n","stream":"stdout","time":"2024-04-17T11:34:11.870393618Z"}
{"log":"Params: KI,051290\n","stream":"stdout","time":"2024-04-17T11:34:11.87051082Z"}
{"log":"gettin file from  {\n","stream":"stdout","time":"2024-04-17T11:34:12.038403492Z"}
{"log":"  rootpath: '.',\n","stream":"stdout","time":"2024-04-17T11:34:12.038422293Z"}
{"log":"  link: 'S:/0500-0599/StO 0530 Kochstraße 22 Neubau/20236554 Inspektion',\n","stream":"stdout","time":"2024-04-17T11:34:12.038424993Z"}
{"log":"  filename: '__locally_added__1712655011000__locally_added__CAP8569117866631597257_jpg.maybe.jpg'\n","stream":"stdout","time":"2024-04-17T11:34:12.038519395Z"}
{"log":"}\n","stream":"stdout","time":"2024-04-17T11:34:12.038524695Z"}
{"log":"gettin file from  {\n","stream":"stdout","time":"2024-04-17T11:34:12.039053906Z"}
{"log":"  rootpath: '.',\n","stream":"stdout","time":"2024-04-17T11:34:12.039064206Z"}
{"log":"  link: 'S:/0500-0599/StO 0545 Potsdamer Platz - debis/20236550 Inspektion',\n","stream":"stdout","time":"2024-04-17T11:34:12.039066606Z"}
{"log":"  filename: '__locally_added__1712642058000__locally_added__CAP710435140201825871_jpg.maybe.jpg'\n","stream":"stdout","time":"2024-04-17T11:34:12.039078906Z"}
{"log":"}\n","stream":"stdout","time":"2024-04-17T11:34:12.039081007Z"}
{"log":"gettin file from  {\n","stream":"stdout","time":"2024-04-17T11:34:12.039485015Z"}
{"log":"  rootpath: '.',\n","stream":"stdout","time":"2024-04-17T11:34:12.039494715Z"}
{"log":"  link: 'S:/0500-0599/StO 0545 Potsdamer Platz - debis/20236550 Inspektion',\n","stream":"stdout","time":"2024-04-17T11:34:12.039496915Z"}
{"log":"  filename: '__locally_added__1712641960000__locally_added__CAP8385313163374859010_jpg.maybe.jpg'\n","stream":"stdout","time":"2024-04-17T11:34:12.039499715Z"}
{"log":"}\n","stream":"stdout","time":"2024-04-17T11:34:12.039501715Z"}
{"log":"gettin file from  {\n","stream":"stdout","time":"2024-04-17T11:34:12.067681815Z"}
{"log":"  rootpath: '.',\n","stream":"stdout","time":"2024-04-17T11:34:12.067695315Z"}
{"log":"  link: 'S:/0800-0899/StO 0820 FW Hellersdorf  Kummerower Ring 80/20236548 Inspektion',\n","stream":"stdout","time":"2024-04-17T11:34:12.067697915Z"}
{"log":"  filename: '__locally_added__1712557210000__locally_added__CAP5514209328180520151_jpg.maybe.jpg'\n","stream":"stdout","time":"2024-04-17T11:34:12.067700115Z"}
{"log":"}\n","stream":"stdout","time":"2024-04-17T11:34:12.067702115Z"}
{"log":"gettin file from  {\n","stream":"stdout","time":"2024-04-17T11:34:12.068662636Z"}
{"log":"  rootpath: '.',\n","stream":"stdout","time":"2024-04-17T11:34:12.068696037Z"}
{"log":"  link: 'S:/0500-0599/StO 0545 Potsdamer Platz - debis/20236550 Inspektion',\n","stream":"stdout","time":"2024-04-17T11:34:12.068723037Z"}
{"log":"  filename: '__locally_added__1712646353000__locally_added__CAP550004965135875308_jpg.maybe.jpg'\n","stream":"stdout","time":"2024-04-17T11:34:12.068730337Z"}
{"log":"}\n","stream":"stdout","time":"2024-04-17T11:34:12.068747838Z"}
{"log":"gettin file from  {\n","stream":"stdout","time":"2024-04-17T11:34:12.069142846Z"}
{"log":"  rootpath: '.',\n","stream":"stdout","time":"2024-04-17T11:34:12.069161647Z"}
{"log":"  link: 'S:/0500-0599/StO 0530 Kochstraße 22 Neubau/20236554 Inspektion',\n","stream":"stdout","time":"2024-04-17T11:34:12.069188347Z"}
{"log":"  filename: '__locally_added__1712656210000__locally_added__CAP3738143291214736179_jpg.maybe.jpg'\n","stream":"stdout","time":"2024-04-17T11:34:12.069195647Z"}
{"log":"}\n","stream":"stdout","time":"2024-04-17T11:34:12.069212148Z"}
{"log":"gettin file from  {\n","stream":"stdout","time":"2024-04-17T11:34:12.070047765Z"}
{"log":"  rootpath: '.',\n","stream":"stdout","time":"2024-04-17T11:34:12.070066766Z"}
{"log":"  link: 'S:/1300-1399/StO 1384 FW Treptow/20236545 Inspektion',\n","stream":"stdout","time":"2024-04-17T11:34:12.070091566Z"}
{"log":"  filename: '__locally_added__1712575188000__locally_added__CAP2076790640973012590_jpg.maybe.jpg'\n","stream":"stdout","time":"2024-04-17T11:34:12.070098466Z"}
{"log":"}\n","stream":"stdout","time":"2024-04-17T11:34:12.070119967Z"}
{"log":"gettin file from  {\n","stream":"stdout","time":"2024-04-17T11:34:12.070509675Z"}
{"log":"  rootpath: '.',\n","stream":"stdout","time":"2024-04-17T11:34:12.070528076Z"}
{"log":"  link: 'S:/0500-0599/StO 0545 Potsdamer Platz - debis/20236550 Inspektion',\n","stream":"stdout","time":"2024-04-17T11:34:12.070554276Z"}
{"log":"  filename: '__locally_added__1712642058000__locally_added__CAP3373348435886993769_jpg.maybe.jpg'\n","stream":"stdout","time":"2024-04-17T11:34:12.070560976Z"}
{"log":"}\n","stream":"stdout","time":"2024-04-17T11:34:12.070578677Z"}
{"log":"gettin file from  {\n","stream":"stdout","time":"2024-04-17T11:34:12.076639006Z"}
{"log":"  rootpath: '.',\n","stream":"stdout","time":"2024-04-17T11:34:12.076660706Z"}
{"log":"  link: 'S:/0500-0599/StO 0545 Potsdamer Platz - debis/20236550 Inspektion',\n","stream":"stdout","time":"2024-04-17T11:34:12.076690907Z"}
{"log":"  filename: '__locally_added__1712641960000__locally_added__CAP9014899963328317786_jpg.maybe.jpg'\n","stream":"stdout","time":"2024-04-17T11:34:12.076698207Z"}
{"log":"}\n","stream":"stdout","time":"2024-04-17T11:34:12.076723207Z"}
{"log":"gettin file from  {\n","stream":"stdout","time":"2024-04-17T11:34:12.077131216Z"}
{"log":"  rootpath: '.',\n","stream":"stdout","time":"2024-04-17T11:34:12.077149716Z"}
{"log":"  link: 'S:/0300-0399/StO 0340 Trebbiner Str. 1-6/20246132 Inspektion',\n","stream":"stdout","time":"2024-04-17T11:34:12.077173117Z"}
{"log":"  filename: '__locally_added__1712732708000__locally_added__CAP7066696031266310705_jpg.maybe.jpg'\n","stream":"stdout","time":"2024-04-17T11:34:12.077179717Z"}
{"log":"}\n","stream":"stdout","time":"2024-04-17T11:34:12.077196017Z"}
{"log":"gettin file from  {\n","stream":"stdout","time":"2024-04-17T11:34:12.263556783Z"}
{"log":"  rootpath: '.',\n","stream":"stdout","time":"2024-04-17T11:34:12.263654485Z"}
{"log":"  link: 'S:/15200-15299/StO 15216 FF Friedrichshagen Müggelseedamm 178/20236546 Inspektion',\n","stream":"stdout","time":"2024-04-17T11:34:12.263682185Z"}
{"log":"  filename: '__locally_added__1712568216000__locally_added__CAP3103953399810637800_jpg.maybe.jpg'\n","stream":"stdout","time":"2024-04-17T11:34:12.263702686Z"}
{"log":"}\n","stream":"stdout","time":"2024-04-17T11:34:12.263724486Z"}
{"log":"gettin file from  {\n","stream":"stdout","time":"2024-04-17T11:34:12.264233997Z"}
{"log":"  rootpath: '.',\n","stream":"stdout","time":"2024-04-17T11:34:12.264247197Z"}
{"log":"  link: 'S:/1300-1399/StO 1384 FW Treptow/20236545 Inspektion',\n","stream":"stdout","time":"2024-04-17T11:34:12.264250297Z"}
{"log":"  filename: '__locally_added__1712576230000__locally_added__CAP2128576714496731263_jpg.maybe.jpg'\n","stream":"stdout","time":"2024-04-17T11:34:12.264252497Z"}
{"log":"}\n","stream":"stdout","time":"2024-04-17T11:34:12.264254797Z"}
{"log":"gettin file from  {\n","stream":"stdout","time":"2024-04-17T11:34:12.264647306Z"}
{"log":"  rootpath: '.',\n","stream":"stdout","time":"2024-04-17T11:34:12.264668206Z"}
{"log":"  link: 'S:/1300-1399/StO 1384 FW Treptow/20236545 Inspektion',\n","stream":"stdout","time":"2024-04-17T11:34:12.264694707Z"}
{"log":"  filename: '__locally_added__1712575188000__locally_added__CAP4290352339201223824_jpg.maybe.jpg'\n","stream":"stdout","time":"2024-04-17T11:34:12.264701707Z"}
{"log":"}\n","stream":"stdout","time":"2024-04-17T11:34:12.264718207Z"}
{"log":"gettin file from  {\n","stream":"stdout","time":"2024-04-17T11:34:12.265111116Z"}
{"log":"  rootpath: '.',\n","stream":"stdout","time":"2024-04-17T11:34:12.265129316Z"}
{"log":"  link: 'S:/4300-4399/StO 4322 Machandelweg 24 BVG Ausbildungsstätte/20246134 Inspektion',\n","stream":"stdout","time":"2024-04-17T11:34:12.265152417Z"}
{"log":"  filename: '__locally_added__1712739922000__locally_added__CAP6856528333164584490_jpg.maybe.jpg'\n","stream":"stdout","time":"2024-04-17T11:34:12.265159217Z"}
{"log":"}\n","stream":"stdout","time":"2024-04-17T11:34:12.265177317Z"}
{"log":"gettin file from  {\n","stream":"stdout","time":"2024-04-17T11:34:12.265561525Z"}
{"log":"  rootpath: '.',\n","stream":"stdout","time":"2024-04-17T11:34:12.265579026Z"}
{"log":"  link: 'S:/0300-0399/StO 0340 Trebbiner Str. 1-6/20246132 Inspektion',\n","stream":"stdout","time":"2024-04-17T11:34:12.265601226Z"}
{"log":"  filename: '__locally_added__1712732757000__locally_added__CAP2297934340617273971_jpg.maybe.jpg'\n","stream":"stdout","time":"2024-04-17T11:34:12.265608026Z"}
{"log":"}\n","stream":"stdout","time":"2024-04-17T11:34:12.265625427Z"}
{"log":"gettin file from  {\n","stream":"stdout","time":"2024-04-17T11:34:12.265997435Z"}
{"log":"  rootpath: '.',\n","stream":"stdout","time":"2024-04-17T11:34:12.266015735Z"}
{"log":"  link: 'S:/0300-0399/StO 0340 Trebbiner Str. 1-6/20246132 Inspektion',\n","stream":"stdout","time":"2024-04-17T11:34:12.266038035Z"}
{"log":"  filename: '__locally_added__1712728989000__locally_added__CAP4790383891722316242_jpg.maybe.jpg'\n","stream":"stdout","time":"2024-04-17T11:34:12.266044736Z"}
{"log":"}\n","stream":"stdout","time":"2024-04-17T11:34:12.266062036Z"}
{"log":"gettin file from  {\n","stream":"stdout","time":"2024-04-17T11:34:12.266423144Z"}
{"log":"  rootpath: '.',\n","stream":"stdout","time":"2024-04-17T11:34:12.266439744Z"}
{"log":"  link: 'S:/0700-0799/StO 0728 Wilskistr 79/20246135 Inspektion',\n","stream":"stdout","time":"2024-04-17T11:34:12.266442244Z"}
{"log":"  filename: '__locally_added__1712749273000__locally_added__CAP573760713025198388_jpg.maybe.jpg'\n","stream":"stdout","time":"2024-04-17T11:34:12.266444244Z"}
{"log":"}\n","stream":"stdout","time":"2024-04-17T11:34:12.266446344Z"}
{"log":"gettin file from  {\n","stream":"stdout","time":"2024-04-17T11:34:12.266818552Z"}
{"log":"  rootpath: '.',\n","stream":"stdout","time":"2024-04-17T11:34:12.266825852Z"}
{"log":"  link: 'S:/4300-4399/StO 4322 Machandelweg 24 BVG Ausbildungsstätte/20246134 Inspektion',\n","stream":"stdout","time":"2024-04-17T11:34:12.266827952Z"}
{"log":"  filename: '__locally_added__1712739922000__locally_added__CAP1236086962813616850_jpg.maybe.jpg'\n","stream":"stdout","time":"2024-04-17T11:34:12.266830152Z"}
{"log":"}\n","stream":"stdout","time":"2024-04-17T11:34:12.266832052Z"}
{"log":"gettin file from  {\n","stream":"stdout","time":"2024-04-17T11:34:12.26720246Z"}
{"log":"  rootpath: '.',\n","stream":"stdout","time":"2024-04-17T11:34:12.26721016Z"}
{"log":"  link: 'S:/1300-1399/StO 1384 FW Treptow/20236545 Inspektion',\n","stream":"stdout","time":"2024-04-17T11:34:12.26721276Z"}
{"log":"  filename: '__locally_added__1712581357000__locally_added__CAP4313762040255822464_jpg.maybe.jpg'\n","stream":"stdout","time":"2024-04-17T11:34:12.26721886Z"}
{"log":"}\n","stream":"stdout","time":"2024-04-17T11:34:12.267221061Z"}
{"log":"gettin file from  {\n","stream":"stdout","time":"2024-04-17T11:34:12.267564768Z"}
{"log":"  rootpath: '.',\n","stream":"stdout","time":"2024-04-17T11:34:12.267572368Z"}
{"log":"  link: 'S:/15200-15299/StO 15216 FF Friedrichshagen Müggelseedamm 178/20236546 Inspektion',\n","stream":"stdout","time":"2024-04-17T11:34:12.267574568Z"}
{"log":"  filename: '__locally_added__1712565732000__locally_added__CAP8662737854731086358_jpg.maybe.jpg'\n","stream":"stdout","time":"2024-04-17T11:34:12.267576668Z"}
{"log":"}\n","stream":"stdout","time":"2024-04-17T11:34:12.267579268Z"}
{"log":"gettin file from  {\n","stream":"stdout","time":"2024-04-17T11:34:12.267944176Z"}
{"log":"  rootpath: '.',\n","stream":"stdout","time":"2024-04-17T11:34:12.267950576Z"}
{"log":"  link: 'S:/15200-15299/StO 15216 FF Friedrichshagen Müggelseedamm 178/20236546 Inspektion',\n","stream":"stdout","time":"2024-04-17T11:34:12.267952676Z"}
{"log":"  filename: '__locally_added__1712565732000__locally_added__CAP1846879038905944387_jpg.maybe.jpg'\n","stream":"stdout","time":"2024-04-17T11:34:12.267954976Z"}
{"log":"}\n","stream":"stdout","time":"2024-04-17T11:34:12.267957576Z"}
{"log":"gettin file from  {\n","stream":"stdout","time":"2024-04-17T11:34:12.268341984Z"}
{"log":"  rootpath: '.',\n","stream":"stdout","time":"2024-04-17T11:34:12.268348385Z"}
{"log":"  link: 'S:/0700-0799/StO 0708 Machandelweg 24/20246133 Inspektion',\n","stream":"stdout","time":"2024-04-17T11:34:12.268350385Z"}
{"log":"  filename: '__locally_added__1712743306000__locally_added__CAP6292102893348953048_jpg.maybe.jpg'\n","stream":"stdout","time":"2024-04-17T11:34:12.268352385Z"}
{"log":"}\n","stream":"stdout","time":"2024-04-17T11:34:12.268354385Z"}
{"log":"gettin file from  {\n","stream":"stdout","time":"2024-04-17T11:34:12.268730593Z"}
{"log":"  rootpath: '.',\n","stream":"stdout","time":"2024-04-17T11:34:12.268737593Z"}
{"log":"  link: 'S:/0300-0399/StO 0340 Trebbiner Str. 1-6/20246132 Inspektion',\n","stream":"stdout","time":"2024-04-17T11:34:12.268739593Z"}
{"log":"  filename: '__locally_added__1712726473000__locally_added__CAP5263399794371227760_jpg.maybe.jpg'\n","stream":"stdout","time":"2024-04-17T11:34:12.268741693Z"}
{"log":"}\n","stream":"stdout","time":"2024-04-17T11:34:12.268744393Z"}
{"log":"gettin file from  {\n","stream":"stdout","time":"2024-04-17T11:34:12.269282104Z"}
{"log":"  rootpath: '.',\n","stream":"stdout","time":"2024-04-17T11:34:12.269292205Z"}
{"log":"  link: 'S:/0700-0799/StO 0728 Wilskistr 79/20246135 Inspektion',\n","stream":"stdout","time":"2024-04-17T11:34:12.269294405Z"}
{"log":"  filename: '__locally_added__1712749273000__locally_added__CAP1736688760908477562_jpg.maybe.jpg'\n","stream":"stdout","time":"2024-04-17T11:34:12.269301605Z"}
{"log":"}\n","stream":"stdout","time":"2024-04-17T11:34:12.269303905Z"}
{"log":"gettin file from  {\n","stream":"stdout","time":"2024-04-17T11:34:12.269449708Z"}
{"log":"  rootpath: '.',\n","stream":"stdout","time":"2024-04-17T11:34:12.269455508Z"}
{"log":"  link: 'S:/0700-0799/StO 0728 Wilskistr 79/20246135 Inspektion',\n","stream":"stdout","time":"2024-04-17T11:34:12.269457508Z"}
{"log":"  filename: '__locally_added__1712749273000__locally_added__CAP1186230195131803820_jpg.maybe.jpg'\n","stream":"stdout","time":"2024-04-17T11:34:12.269459708Z"}
{"log":"}\n","stream":"stdout","time":"2024-04-17T11:34:12.269462008Z"}
{"log":"gettin file from  {\n","stream":"stdout","time":"2024-04-17T11:34:12.270827937Z"}
{"log":"  rootpath: '.',\n","stream":"stdout","time":"2024-04-17T11:34:12.270837737Z"}
{"log":"  link: 'S:/0700-0799/StO 0728 Wilskistr 79/20246135 Inspektion',\n","stream":"stdout","time":"2024-04-17T11:34:12.270845138Z"}
{"log":"  filename: '__locally_added__1712747730000__locally_added__CAP3582316046411754466_jpg.maybe.jpg'\n","stream":"stdout","time":"2024-04-17T11:34:12.270847438Z"}
{"log":"}\n","stream":"stdout","time":"2024-04-17T11:34:12.270851138Z"}
{"log":"gettin file from  {\n","stream":"stdout","time":"2024-04-17T11:34:12.271852159Z"}
{"log":"  rootpath: '.',\n","stream":"stdout","time":"2024-04-17T11:34:12.271863359Z"}
{"log":"  link: 'S:/0100-0199/StO 0151 Fürstenwalder Damm 739 (BVG)/20246131 Inspektion',\n","stream":"stdout","time":"2024-04-17T11:34:12.271865959Z"}
{"log":"  filename: '__locally_added__1712815394000__locally_added__CAP6810927790213154584_jpg.maybe.jpg'\n","stream":"stdout","time":"2024-04-17T11:34:12.271868259Z"}
{"log":"}\n","stream":"stdout","time":"2024-04-17T11:34:12.271870659Z"}
{"log":"gettin file from  {\n","stream":"stdout","time":"2024-04-17T11:34:12.275784443Z"}
{"log":"  rootpath: '.',\n","stream":"stdout","time":"2024-04-17T11:34:12.275795743Z"}
{"log":"  link: 'S:/0100-0199/StO 0151 Fürstenwalder Damm 739 (BVG)/20246131 Inspektion',\n","stream":"stdout","time":"2024-04-17T11:34:12.275798243Z"}
{"log":"  filename: '__locally_added__1712812816000__locally_added__CAP2358133443436133463_jpg.maybe.jpg'\n","stream":"stdout","time":"2024-04-17T11:34:12.275800443Z"}
{"log":"}\n","stream":"stdout","time":"2024-04-17T11:34:12.275802643Z"}
{"log":"gettin file from  {\n","stream":"stdout","time":"2024-04-17T11:34:12.277980389Z"}
{"log":"  rootpath: '.',\n","stream":"stdout","time":"2024-04-17T11:34:12.27799169Z"}
{"log":"  link: 'S:/1000-1099/StO 1008 Planstr Ost 6/20246140 Inspektion',\n","stream":"stdout","time":"2024-04-17T11:34:12.27799429Z"}
{"log":"  filename: '__locally_added__1712836232000__locally_added__CAP4662023584804337818_jpg.maybe.jpg'\n","stream":"stdout","time":"2024-04-17T11:34:12.27799639Z"}
{"log":"}\n","stream":"stdout","time":"2024-04-17T11:34:12.27799879Z"}
{"log":"gettin file from  {\n","stream":"stdout","time":"2024-04-17T11:34:12.278413199Z"}
{"log":"  rootpath: '.',\n","stream":"stdout","time":"2024-04-17T11:34:12.278423299Z"}
{"log":"  link: 'S:/0700-0799/StO 0728 Wilskistr 79/20246135 Inspektion',\n","stream":"stdout","time":"2024-04-17T11:34:12.278425699Z"}
{"log":"  filename: '__locally_added__1712752448000__locally_added__CAP6586700495119286435_jpg.maybe.jpg'\n","stream":"stdout","time":"2024-04-17T11:34:12.278427799Z"}
{"log":"}\n","stream":"stdout","time":"2024-04-17T11:34:12.278430199Z"}
{"log":"gettin file from  {\n","stream":"stdout","time":"2024-04-17T11:34:12.278846108Z"}
{"log":"  rootpath: '.',\n","stream":"stdout","time":"2024-04-17T11:34:12.278856208Z"}
{"log":"  link: 'S:/0700-0799/StO 0728 Wilskistr 79/20246135 Inspektion',\n","stream":"stdout","time":"2024-04-17T11:34:12.278858308Z"}
{"log":"  filename: '__locally_added__1712752037000__locally_added__CAP7592590017664497642_jpg.maybe.jpg'\n","stream":"stdout","time":"2024-04-17T11:34:12.278860308Z"}
{"log":"}\n","stream":"stdout","time":"2024-04-17T11:34:12.278868208Z"}
{"log":"gettin file from  {\n","stream":"stdout","time":"2024-04-17T11:34:12.27940792Z"}
{"log":"  rootpath: '.',\n","stream":"stdout","time":"2024-04-17T11:34:12.27941982Z"}
{"log":"  link: 'S:/0700-0799/StO 0732 Schulstraße 5-6/20246136 Inspektion',\n","stream":"stdout","time":"2024-04-17T11:34:12.27942202Z"}
{"log":"  filename: '__locally_added__1712909366000__locally_added__CAP4354292350469240876_jpg.maybe.jpg'\n","stream":"stdout","time":"2024-04-17T11:34:12.27942422Z"}
{"log":"}\n","stream":"stdout","time":"2024-04-17T11:34:12.27942642Z"}
{"log":"gettin file from  {\n","stream":"stdout","time":"2024-04-17T11:34:12.280585645Z"}
{"log":"  rootpath: '.',\n","stream":"stdout","time":"2024-04-17T11:34:12.280596745Z"}
{"log":"  link: 'S:/0700-0799/StO 0728 Wilskistr 79/20246135 Inspektion',\n","stream":"stdout","time":"2024-04-17T11:34:12.280599245Z"}
{"log":"  filename: '__locally_added__1712749644000__locally_added__CAP8719142056867650231_jpg.maybe.jpg'\n","stream":"stdout","time":"2024-04-17T11:34:12.280601345Z"}
{"log":"}\n","stream":"stdout","time":"2024-04-17T11:34:12.280603445Z"}
{"log":"Params: KI,051290\n","stream":"stdout","time":"2024-04-17T11:34:13.851564372Z"}
{"log":"Params: KI,051290\n","stream":"stdout","time":"2024-04-17T11:34:13.851924279Z"}
{"log":"Params: KI,051290\n","stream":"stdout","time":"2024-04-17T11:34:13.85193828Z"}
{"log":"Params: KI,051290\n","stream":"stdout","time":"2024-04-17T11:34:13.852121684Z"}
{"log":"Params: KI,051290\n","stream":"stdout","time":"2024-04-17T11:34:13.852358289Z"}
{"log":"Params: KI,051290\n","stream":"stdout","time":"2024-04-17T11:34:13.852550093Z"}
{"log":"Params: KI,051290\n","stream":"stdout","time":"2024-04-17T11:34:13.852736697Z"}
{"log":"Params: KI,051290\n","stream":"stdout","time":"2024-04-17T11:34:13.8528887Z"}
{"log":"Params: KI,051290\n","stream":"stdout","time":"2024-04-17T11:34:13.853004402Z"}
{"log":"Params: KI,051290\n","stream":"stdout","time":"2024-04-17T11:34:13.853164806Z"}
{"log":"Params: KI,051290\n","stream":"stdout","time":"2024-04-17T11:34:13.853399411Z"}
{"log":"Params: KI,051290\n","stream":"stdout","time":"2024-04-17T11:34:13.853491413Z"}
{"log":"Params: KI,051290\n","stream":"stdout","time":"2024-04-17T11:34:13.853572615Z"}
{"log":"Params: KI,051290\n","stream":"stdout","time":"2024-04-17T11:34:13.853618415Z"}
{"log":"Params: KI,051290\n","stream":"stdout","time":"2024-04-17T11:34:13.853622916Z"}
{"log":"Params: KI,051290\n","stream":"stdout","time":"2024-04-17T11:34:13.853765719Z"}
{"log":"Params: KI,051290\n","stream":"stdout","time":"2024-04-17T11:34:13.853773919Z"}
{"log":"Params: KI,051290\n","stream":"stdout","time":"2024-04-17T11:34:13.853872821Z"}
{"log":"Params: KI,051290\n","stream":"stdout","time":"2024-04-17T11:34:13.853991323Z"}
{"log":"Params: KI,051290\n","stream":"stdout","time":"2024-04-17T11:34:13.853997324Z"}
{"log":"Params: KI,051290\n","stream":"stdout","time":"2024-04-17T11:34:13.854091426Z"}
{"log":"Params: KI,051290\n","stream":"stdout","time":"2024-04-17T11:34:13.854185228Z"}
{"log":"Params: KI,051290\n","stream":"stdout","time":"2024-04-17T11:34:13.85427823Z"}
{"log":"Params: KI,051290\n","stream":"stdout","time":"2024-04-17T11:34:13.854330631Z"}
{"log":"Params: KI,051290\n","stream":"stdout","time":"2024-04-17T11:34:13.854423633Z"}
{"log":"Params: KI,051290\n","stream":"stdout","time":"2024-04-17T11:34:13.854518835Z"}
{"log":"Params: KI,051290\n","stream":"stdout","time":"2024-04-17T11:34:13.854618537Z"}
{"log":"Params: KI,051290\n","stream":"stdout","time":"2024-04-17T11:34:13.854623937Z"}
{"log":"Params: KI,051290\n","stream":"stdout","time":"2024-04-17T11:34:13.854626037Z"}
{"log":"Params: KI,051290\n","stream":"stdout","time":"2024-04-17T11:34:13.854725739Z"}
{"log":"Params: KI,051290\n","stream":"stdout","time":"2024-04-17T11:34:13.854823141Z"}
{"log":"Params: KI,051290\n","stream":"stdout","time":"2024-04-17T11:34:13.854914743Z"}
{"log":"/api/secure/location/get: { user: { name: 'KI', pass: '--CENSORED--' } }\n","stream":"stdout","time":"2024-04-17T11:34:13.908787889Z"}
{"log":"Params: KI,051290\n","stream":"stdout","time":"2024-04-17T11:34:14.006589571Z"}
{"log":"Params: KI,051290\n","stream":"stdout","time":"2024-04-17T11:34:14.006919078Z"}
{"log":"Params: KI,051290\n","stream":"stdout","time":"2024-04-17T11:34:14.007105582Z"}
{"log":"Params: KI,051290\n","stream":"stdout","time":"2024-04-17T11:34:14.007276985Z"}
{"log":"Params: KI,051290\n","stream":"stdout","time":"2024-04-17T11:34:14.007473089Z"}
{"log":"Params: KI,051290\n","stream":"stdout","time":"2024-04-17T11:34:14.007641693Z"}
{"log":"Params: KI,051290\n","stream":"stdout","time":"2024-04-17T11:34:14.007826397Z"}
{"log":"Params: KI,051290\n","stream":"stdout","time":"2024-04-17T11:34:14.0079948Z"}
{"log":"Params: KI,051290\n","stream":"stdout","time":"2024-04-17T11:34:14.008154504Z"}
{"log":"Params: KI,051290\n","stream":"stdout","time":"2024-04-17T11:34:14.008328408Z"}
{"log":"Params: KI,051290\n","stream":"stdout","time":"2024-04-17T11:34:14.008520812Z"}
{"log":"Params: KI,051290\n","stream":"stdout","time":"2024-04-17T11:34:14.008602013Z"}
{"log":"Params: KI,051290\n","stream":"stdout","time":"2024-04-17T11:34:14.008691315Z"}
{"log":"Params: KI,051290\n","stream":"stdout","time":"2024-04-17T11:34:14.008788717Z"}
{"log":"Params: KI,051290\n","stream":"stdout","time":"2024-04-17T11:34:14.008863319Z"}
{"log":"Params: KI,051290\n","stream":"stdout","time":"2024-04-17T11:34:14.008945821Z"}
{"log":"Params: KI,051290\n","stream":"stdout","time":"2024-04-17T11:34:14.009033223Z"}
{"log":"Params: KI,051290\n","stream":"stdout","time":"2024-04-17T11:34:14.009132425Z"}
{"log":"Params: KI,051290\n","stream":"stdout","time":"2024-04-17T11:34:14.009161025Z"}
{"log":"Params: KI,051290\n","stream":"stdout","time":"2024-04-17T11:34:14.009273728Z"}
{"log":"Params: KI,051290\n","stream":"stdout","time":"2024-04-17T11:34:14.009293328Z"}
{"log":"Params: KI,051290\n","stream":"stdout","time":"2024-04-17T11:34:14.009302828Z"}
{"log":"Params: KI,051290\n","stream":"stdout","time":"2024-04-17T11:34:14.009414631Z"}
{"log":"Params: KI,051290\n","stream":"stdout","time":"2024-04-17T11:34:14.009421631Z"}
{"log":"Params: KI,051290\n","stream":"stdout","time":"2024-04-17T11:34:14.009477532Z"}
{"log":"Params: KI,051290\n","stream":"stdout","time":"2024-04-17T11:34:14.009509133Z"}
{"log":"Params: KI,051290\n","stream":"stdout","time":"2024-04-17T11:34:14.009622435Z"}
{"log":"Params: KI,051290\n","stream":"stdout","time":"2024-04-17T11:34:14.009628035Z"}
{"log":"Params: KI,051290\n","stream":"stdout","time":"2024-04-17T11:34:14.009719637Z"}
{"log":"Params: KI,051290\n","stream":"stdout","time":"2024-04-17T11:34:14.009807839Z"}
{"log":"Params: KI,051290\n","stream":"stdout","time":"2024-04-17T11:34:14.009813339Z"}
{"log":"Params: KI,051290\n","stream":"stdout","time":"2024-04-17T11:34:14.009909141Z"}
{"log":"Params: KI,051290\n","stream":"stdout","time":"2024-04-17T11:34:14.009979843Z"}
{"log":"Params: KI,051290\n","stream":"stdout","time":"2024-04-17T11:34:14.010064144Z"}
{"log":"Params: KI,051290\n","stream":"stdout","time":"2024-04-17T11:34:14.010145746Z"}
{"log":"Params: KI,051290\n","stream":"stdout","time":"2024-04-17T11:34:14.010249548Z"}
{"log":"Params: KI,051290\n","stream":"stdout","time":"2024-04-17T11:34:14.01032175Z"}
{"log":"Params: KI,051290\n","stream":"stdout","time":"2024-04-17T11:34:14.010405152Z"}
{"log":"Params: KI,051290\n","stream":"stdout","time":"2024-04-17T11:34:14.010490054Z"}
{"log":"Params: KI,051290\n","stream":"stdout","time":"2024-04-17T11:34:14.010592756Z"}
{"log":"Params: KI,051290\n","stream":"stdout","time":"2024-04-17T11:34:14.014858146Z"}
{"log":"Params: KI,051290\n","stream":"stdout","time":"2024-04-17T11:34:14.01502775Z"}
{"log":"Params: KI,051290\n","stream":"stdout","time":"2024-04-17T11:34:14.01503525Z"}
{"log":"Params: KI,051290\n","stream":"stdout","time":"2024-04-17T11:34:14.015131852Z"}
{"log":"Params: KI,051290\n","stream":"stdout","time":"2024-04-17T11:34:14.015220754Z"}
{"log":"Params: KI,051290\n","stream":"stdout","time":"2024-04-17T11:34:14.015331657Z"}
{"log":"Params: KI,051290\n","stream":"stdout","time":"2024-04-17T11:34:14.015347057Z"}
{"log":"Params: KI,051290\n","stream":"stdout","time":"2024-04-17T11:34:14.015349157Z"}
{"log":"Params: KI,051290\n","stream":"stdout","time":"2024-04-17T11:34:14.015467159Z"}
{"log":"Params: KI,051290\n","stream":"stdout","time":"2024-04-17T11:34:14.01547316Z"}
{"log":"Params: KI,051290\n","stream":"stdout","time":"2024-04-17T11:34:14.015568962Z"}
{"log":"Params: KI,051290\n","stream":"stdout","time":"2024-04-17T11:34:14.015660364Z"}
{"log":"Params: KI,051290\n","stream":"stdout","time":"2024-04-17T11:34:14.015747765Z"}
{"log":"Params: KI,051290\n","stream":"stdout","time":"2024-04-17T11:34:14.015842767Z"}
{"log":"Params: KI,051290\n","stream":"stdout","time":"2024-04-17T11:34:14.015934569Z"}
{"log":"Params: KI,051290\n","stream":"stdout","time":"2024-04-17T11:34:14.016023471Z"}
{"log":"Params: KI,051290\n","stream":"stdout","time":"2024-04-17T11:34:14.016099473Z"}
{"log":"Params: KI,051290\n","stream":"stdout","time":"2024-04-17T11:34:14.016206375Z"}
{"log":"Params: KI,051290\n","stream":"stdout","time":"2024-04-17T11:34:14.016212175Z"}
{"log":"Params: KI,051290\n","stream":"stdout","time":"2024-04-17T11:34:14.017039293Z"}
{"log":"Params: KI,051290\n","stream":"stdout","time":"2024-04-17T11:34:14.017050093Z"}
{"log":"Params: KI,051290\n","stream":"stdout","time":"2024-04-17T11:34:14.017052493Z"}
{"log":"Params: KI,051290\n","stream":"stdout","time":"2024-04-17T11:34:14.017245497Z"}
{"log":"Params: KI,051290\n","stream":"stdout","time":"2024-04-17T11:34:14.017252697Z"}
{"log":"Params: KI,051290\n","stream":"stdout","time":"2024-04-17T11:34:14.017303699Z"}
{"log":"Params: KI,051290\n","stream":"stdout","time":"2024-04-17T11:34:14.017407001Z"}
{"log":"Params: KI,051290\n","stream":"stdout","time":"2024-04-17T11:34:14.017496603Z"}
{"log":"Params: KI,051290\n","stream":"stdout","time":"2024-04-17T11:34:14.017592805Z"}
{"log":"Params: KI,051290\n","stream":"stdout","time":"2024-04-17T11:34:14.018543525Z"}
{"log":"Params: KI,051290\n","stream":"stdout","time":"2024-04-17T11:34:14.018677028Z"}
{"log":"Params: KI,051290\n","stream":"stdout","time":"2024-04-17T11:34:14.01878343Z"}
{"log":"Params: KI,051290\n","stream":"stdout","time":"2024-04-17T11:34:14.018885932Z"}
{"log":"Params: KI,051290\n","stream":"stdout","time":"2024-04-17T11:34:14.018974134Z"}
{"log":"Params: KI,051290\n","stream":"stdout","time":"2024-04-17T11:34:14.019050636Z"}
{"log":"Params: KI,051290\n","stream":"stdout","time":"2024-04-17T11:34:14.019148838Z"}
{"log":"Params: KI,051290\n","stream":"stdout","time":"2024-04-17T11:34:14.019154738Z"}
{"log":"gettin file from  {\n","stream":"stdout","time":"2024-04-17T11:34:14.040677696Z"}
{"log":"  rootpath: '.',\n","stream":"stdout","time":"2024-04-17T11:34:14.040698896Z"}
{"log":"  link: 'S:/0500-0599/StO 0545 Potsdamer Platz - debis/20236550 Inspektion',\n","stream":"stdout","time":"2024-04-17T11:34:14.040701596Z"}
{"log":"  filename: '__locally_added__1712642058000__locally_added__CAP710435140201825871_jpg.maybe.jpg'\n","stream":"stdout","time":"2024-04-17T11:34:14.040703797Z"}
{"log":"}\n","stream":"stdout","time":"2024-04-17T11:34:14.040705897Z"}
{"log":"gettin file from  {\n","stream":"stdout","time":"2024-04-17T11:34:14.041213807Z"}
{"log":"  rootpath: '.',\n","stream":"stdout","time":"2024-04-17T11:34:14.041234908Z"}
{"log":"  link: 'S:/0500-0599/StO 0545 Potsdamer Platz - debis/20236550 Inspektion',\n","stream":"stdout","time":"2024-04-17T11:34:14.041260408Z"}
{"log":"  filename: '__locally_added__1712643589000__locally_added__CAP1830604185443951817_jpg.maybe.jpg'\n","stream":"stdout","time":"2024-04-17T11:34:14.041273109Z"}
{"log":"}\n","stream":"stdout","time":"2024-04-17T11:34:14.041301509Z"}
{"log":"gettin file from  {\n","stream":"stdout","time":"2024-04-17T11:34:14.041702718Z"}
{"log":"  rootpath: '.',\n","stream":"stdout","time":"2024-04-17T11:34:14.041714418Z"}
{"log":"  link: 'S:/15200-15299/StO 15216 FF Friedrichshagen Müggelseedamm 178/20236546 Inspektion',\n","stream":"stdout","time":"2024-04-17T11:34:14.041717218Z"}
{"log":"  filename: '__locally_added__1712568277000__locally_added__CAP8377739940090641223_jpg.maybe.jpg'\n","stream":"stdout","time":"2024-04-17T11:34:14.041734118Z"}
{"log":"}\n","stream":"stdout","time":"2024-04-17T11:34:14.041736418Z"}
{"log":"gettin file from  {\n","stream":"stdout","time":"2024-04-17T11:34:14.042144027Z"}
{"log":"  rootpath: '.',\n","stream":"stdout","time":"2024-04-17T11:34:14.042154127Z"}
{"log":"  link: 'S:/0500-0599/StO 0504 Heinsestr 22-24 FW/20236538 Inspektion',\n","stream":"stdout","time":"2024-04-17T11:34:14.042156327Z"}
{"log":"  filename: '__locally_added__1712669699000__locally_added__CAP7353755487532188023_jpg.maybe.jpg'\n","stream":"stdout","time":"2024-04-17T11:34:14.042158327Z"}
{"log":"}\n","stream":"stdout","time":"2024-04-17T11:34:14.042160528Z"}
{"log":"gettin file from  {\n","stream":"stdout","time":"2024-04-17T11:34:14.042486434Z"}
{"log":"  rootpath: '.',\n","stream":"stdout","time":"2024-04-17T11:34:14.042494535Z"}
{"log":"  link: 'S:/15200-15299/StO 15216 FF Friedrichshagen Müggelseedamm 178/20236546 Inspektion',\n","stream":"stdout","time":"2024-04-17T11:34:14.042496535Z"}
{"log":"  filename: '__locally_added__1712563750000__locally_added__CAP1471469899382184266_jpg.maybe.jpg'\n","stream":"stdout","time":"2024-04-17T11:34:14.042498835Z"}
{"log":"}\n","stream":"stdout","time":"2024-04-17T11:34:14.042501135Z"}
{"log":"gettin file from  {\n","stream":"stdout","time":"2024-04-17T11:34:14.043256851Z"}
{"log":"  rootpath: '.',\n","stream":"stdout","time":"2024-04-17T11:34:14.043266651Z"}
{"log":"  link: 'S:/0500-0599/StO 0545 Potsdamer Platz - debis/20236550 Inspektion',\n","stream":"stdout","time":"2024-04-17T11:34:14.043268951Z"}
{"log":"  filename: '__locally_added__1712643597000__locally_added__CAP7338001051037779297_jpg.maybe.jpg'\n","stream":"stdout","time":"2024-04-17T11:34:14.043270951Z"}
{"log":"}\n","stream":"stdout","time":"2024-04-17T11:34:14.043277251Z"}
{"log":"gettin file from  {\n","stream":"stdout","time":"2024-04-17T11:34:14.047637944Z"}
{"log":"  rootpath: '.',\n","stream":"stdout","time":"2024-04-17T11:34:14.047649344Z"}
{"log":"  link: 'S:/0500-0599/StO 0530 Kochstraße 22 Neubau/20236554 Inspektion',\n","stream":"stdout","time":"2024-04-17T11:34:14.047651844Z"}
{"log":"  filename: '__locally_added__1712650046000__locally_added__CAP1426101287759827989_jpg.maybe.jpg'\n","stream":"stdout","time":"2024-04-17T11:34:14.047654144Z"}
{"log":"}\n","stream":"stdout","time":"2024-04-17T11:34:14.047656544Z"}
{"log":"gettin file from  {\n","stream":"stdout","time":"2024-04-17T11:34:14.048043353Z"}
{"log":"  rootpath: '.',\n","stream":"stdout","time":"2024-04-17T11:34:14.048052853Z"}
{"log":"  link: 'S:/15200-15299/StO 15216 FF Friedrichshagen Müggelseedamm 178/20236546 Inspektion',\n","stream":"stdout","time":"2024-04-17T11:34:14.048055053Z"}
{"log":"  filename: '__locally_added__1712563750000__locally_added__CAP5859531739971893078_jpg.maybe.jpg'\n","stream":"stdout","time":"2024-04-17T11:34:14.048057453Z"}
{"log":"}\n","stream":"stdout","time":"2024-04-17T11:34:14.048059653Z"}
{"log":"gettin file from  {\n","stream":"stdout","time":"2024-04-17T11:34:14.048506463Z"}
{"log":"  rootpath: '.',\n","stream":"stdout","time":"2024-04-17T11:34:14.048515063Z"}
{"log":"  link: 'S:/1000-1099/StO 1051 Europacenter/20236551 Inspektion',\n","stream":"stdout","time":"2024-04-17T11:34:14.048517263Z"}
{"log":"  filename: '__locally_added__1712663171000__locally_added__CAP60549750302520042_jpg.maybe.jpg'\n","stream":"stdout","time":"2024-04-17T11:34:14.048519163Z"}
{"log":"}\n","stream":"stdout","time":"2024-04-17T11:34:14.048521063Z"}
{"log":"gettin file from  {\n","stream":"stdout","time":"2024-04-17T11:34:14.048886971Z"}
{"log":"  rootpath: '.',\n","stream":"stdout","time":"2024-04-17T11:34:14.048895471Z"}
{"log":"  link: 'S:/15200-15299/StO 15216 FF Friedrichshagen Müggelseedamm 178/20236546 Inspektion',\n","stream":"stdout","time":"2024-04-17T11:34:14.048897571Z"}
{"log":"  filename: '__locally_added__1712565732000__locally_added__CAP8662737854731086358_jpg.maybe.jpg'\n","stream":"stdout","time":"2024-04-17T11:34:14.048899671Z"}
{"log":"}\n","stream":"stdout","time":"2024-04-17T11:34:14.048908071Z"}
{"log":"gettin file from  {\n","stream":"stdout","time":"2024-04-17T11:34:14.049272179Z"}
{"log":"  rootpath: '.',\n","stream":"stdout","time":"2024-04-17T11:34:14.049282679Z"}
{"log":"  link: 'S:/1300-1399/StO 1384 FW Treptow/20236545 Inspektion',\n","stream":"stdout","time":"2024-04-17T11:34:14.049284779Z"}
{"log":"  filename: '__locally_added__1712571708000__locally_added__CAP8491545604575391848_jpg.maybe.jpg'\n","stream":"stdout","time":"2024-04-17T11:34:14.049286779Z"}
{"log":"}\n","stream":"stdout","time":"2024-04-17T11:34:14.049288679Z"}
{"log":"gettin file from  {\n","stream":"stdout","time":"2024-04-17T11:34:14.049674987Z"}
{"log":"  rootpath: '.',\n","stream":"stdout","time":"2024-04-17T11:34:14.049683388Z"}
{"log":"  link: 'S:/15200-15299/StO 15216 FF Friedrichshagen Müggelseedamm 178/20236546 Inspektion',\n","stream":"stdout","time":"2024-04-17T11:34:14.049685388Z"}
{"log":"  filename: '__locally_added__1712565732000__locally_added__CAP2482321685717931761_jpg.maybe.jpg'\n","stream":"stdout","time":"2024-04-17T11:34:14.049687588Z"}
{"log":"}\n","stream":"stdout","time":"2024-04-17T11:34:14.049689588Z"}
{"log":"gettin file from  {\n","stream":"stdout","time":"2024-04-17T11:34:14.050046195Z"}
{"log":"  rootpath: '.',\n","stream":"stdout","time":"2024-04-17T11:34:14.050054496Z"}
{"log":"  link: 'S:/4300-4399/StO 4322 Machandelweg 24 BVG Ausbildungsstätte/20246134 Inspektion',\n","stream":"stdout","time":"2024-04-17T11:34:14.050056596Z"}
{"log":"  filename: '__locally_added__1712739922000__locally_added__CAP1236086962813616850_jpg.maybe.jpg'\n","stream":"stdout","time":"2024-04-17T11:34:14.050058696Z"}
{"log":"}\n","stream":"stdout","time":"2024-04-17T11:34:14.050062596Z"}
{"log":"gettin file from  {\n","stream":"stdout","time":"2024-04-17T11:34:14.050427403Z"}
{"log":"  rootpath: '.',\n","stream":"stdout","time":"2024-04-17T11:34:14.050435404Z"}
{"log":"  link: 'S:/15200-15299/StO 15216 FF Friedrichshagen Müggelseedamm 178/20236546 Inspektion',\n","stream":"stdout","time":"2024-04-17T11:34:14.050437504Z"}
{"log":"  filename: '__locally_added__1712563750000__locally_added__CAP1120532039301213201_jpg.maybe.jpg'\n","stream":"stdout","time":"2024-04-17T11:34:14.050439504Z"}
{"log":"}\n","stream":"stdout","time":"2024-04-17T11:34:14.050441404Z"}
{"log":"gettin file from  {\n","stream":"stdout","time":"2024-04-17T11:34:14.05072171Z"}
{"log":"  rootpath: '.',\n","stream":"stdout","time":"2024-04-17T11:34:14.05072991Z"}
{"log":"  link: 'S:/1300-1399/StO 1384 FW Treptow/20236545 Inspektion',\n","stream":"stdout","time":"2024-04-17T11:34:14.05073201Z"}
{"log":"  filename: '__locally_added__1712576196000__locally_added__CAP8322865403342137394_jpg.maybe.jpg'\n","stream":"stdout","time":"2024-04-17T11:34:14.05073421Z"}
{"log":"}\n","stream":"stdout","time":"2024-04-17T11:34:14.05073611Z"}
{"log":"gettin file from  {\n","stream":"stdout","time":"2024-04-17T11:34:14.051101718Z"}
{"log":"  rootpath: '.',\n","stream":"stdout","time":"2024-04-17T11:34:14.051110218Z"}
{"log":"  link: 'S:/0700-0799/StO 0708 Machandelweg 24/20246133 Inspektion',\n","stream":"stdout","time":"2024-04-17T11:34:14.051112218Z"}
{"log":"  filename: '__locally_added__1712743306000__locally_added__CAP6292102893348953048_jpg.maybe.jpg'\n","stream":"stdout","time":"2024-04-17T11:34:14.051114118Z"}
{"log":"}\n","stream":"stdout","time":"2024-04-17T11:34:14.051116018Z"}
{"log":"gettin file from  {\n","stream":"stdout","time":"2024-04-17T11:34:14.051463225Z"}
{"log":"  rootpath: '.',\n","stream":"stdout","time":"2024-04-17T11:34:14.051471526Z"}
{"log":"  link: 'S:/0300-0399/StO 0340 Trebbiner Str. 1-6/20246132 Inspektion',\n","stream":"stdout","time":"2024-04-17T11:34:14.051473826Z"}
{"log":"  filename: '__locally_added__1712728989000__locally_added__CAP4790383891722316242_jpg.maybe.jpg'\n","stream":"stdout","time":"2024-04-17T11:34:14.051475826Z"}
{"log":"}\n","stream":"stdout","time":"2024-04-17T11:34:14.051477726Z"}
{"log":"gettin file from  {\n","stream":"stdout","time":"2024-04-17T11:34:14.05309516Z"}
{"log":"  rootpath: '.',\n","stream":"stdout","time":"2024-04-17T11:34:14.05310476Z"}
{"log":"  link: 'S:/1300-1399/StO 1384 FW Treptow/20236545 Inspektion',\n","stream":"stdout","time":"2024-04-17T11:34:14.05310716Z"}
{"log":"  filename: '__locally_added__1712575188000__locally_added__CAP4290352339201223824_jpg.maybe.jpg'\n","stream":"stdout","time":"2024-04-17T11:34:14.053109161Z"}
{"log":"}\n","stream":"stdout","time":"2024-04-17T11:34:14.053111161Z"}
{"log":"gettin file from  {\n","stream":"stdout","time":"2024-04-17T11:34:14.053112961Z"}
{"log":"  rootpath: '.',\n","stream":"stdout","time":"2024-04-17T11:34:14.053114661Z"}
{"log":"  link: 'S:/0700-0799/StO 0728 Wilskistr 79/20246135 Inspektion',\n","stream":"stdout","time":"2024-04-17T11:34:14.053116361Z"}
{"log":"  filename: '__locally_added__1712747730000__locally_added__CAP4103133505870385399_jpg.maybe.jpg'\n","stream":"stdout","time":"2024-04-17T11:34:14.053119661Z"}
{"log":"}\n","stream":"stdout","time":"2024-04-17T11:34:14.053121561Z"}
{"log":"gettin file from  {\n","stream":"stdout","time":"2024-04-17T11:34:14.055240006Z"}
{"log":"  rootpath: '.',\n","stream":"stdout","time":"2024-04-17T11:34:14.055250206Z"}
{"log":"  link: 'S:/0700-0799/StO 0728 Wilskistr 79/20246135 Inspektion',\n","stream":"stdout","time":"2024-04-17T11:34:14.055252606Z"}
{"log":"  filename: '__locally_added__1712752037000__locally_added__CAP6380155988901221222_jpg.maybe.jpg'\n","stream":"stdout","time":"2024-04-17T11:34:14.055254506Z"}
{"log":"}\n","stream":"stdout","time":"2024-04-17T11:34:14.055256706Z"}
{"log":"gettin file from  {\n","stream":"stdout","time":"2024-04-17T11:34:14.057980264Z"}
{"log":"  rootpath: '.',\n","stream":"stdout","time":"2024-04-17T11:34:14.057989564Z"}
{"log":"  link: 'S:/1300-1399/StO 1384 FW Treptow/20236545 Inspektion',\n","stream":"stdout","time":"2024-04-17T11:34:14.057991864Z"}
{"log":"  filename: '__locally_added__1712576196000__locally_added__CAP3038630631184186550_jpg.maybe.jpg'\n","stream":"stdout","time":"2024-04-17T11:34:14.057993764Z"}
{"log":"}\n","stream":"stdout","time":"2024-04-17T11:34:14.057995665Z"}
{"log":"gettin file from  {\n","stream":"stdout","time":"2024-04-17T11:34:14.058470175Z"}
{"log":"  rootpath: '.',\n","stream":"stdout","time":"2024-04-17T11:34:14.058479775Z"}
{"log":"  link: 'S:/1300-1399/StO 1384 FW Treptow/20236545 Inspektion',\n","stream":"stdout","time":"2024-04-17T11:34:14.058482275Z"}
{"log":"  filename: '__locally_added__1712575188000__locally_added__CAP2076790640973012590_jpg.maybe.jpg'\n","stream":"stdout","time":"2024-04-17T11:34:14.058484575Z"}
{"log":"}\n","stream":"stdout","time":"2024-04-17T11:34:14.058486875Z"}
{"log":"gettin file from  {\n","stream":"stdout","time":"2024-04-17T11:34:14.058924684Z"}
{"log":"  rootpath: '.',\n","stream":"stdout","time":"2024-04-17T11:34:14.058933784Z"}
{"log":"  link: 'S:/1300-1399/StO 1384 FW Treptow/20236545 Inspektion',\n","stream":"stdout","time":"2024-04-17T11:34:14.058935885Z"}
{"log":"  filename: '__locally_added__1712576216000__locally_added__CAP8532246224259868174_jpg.maybe.jpg'\n","stream":"stdout","time":"2024-04-17T11:34:14.058937885Z"}
{"log":"}\n","stream":"stdout","time":"2024-04-17T11:34:14.058939885Z"}
{"log":"gettin file from  {\n","stream":"stdout","time":"2024-04-17T11:34:14.062162453Z"}
{"log":"  rootpath: '.',\n","stream":"stdout","time":"2024-04-17T11:34:14.062173253Z"}
{"log":"  link: 'S:/0700-0799/StO 0728 Wilskistr 79/20246135 Inspektion',\n","stream":"stdout","time":"2024-04-17T11:34:14.062175753Z"}
{"log":"  filename: '__locally_added__1712747730000__locally_added__CAP2962953314911210131_jpg.maybe.jpg'\n","stream":"stdout","time":"2024-04-17T11:34:14.062177954Z"}
{"log":"}\n","stream":"stdout","time":"2024-04-17T11:34:14.062179954Z"}
{"log":"gettin file from  {\n","stream":"stdout","time":"2024-04-17T11:34:14.06954971Z"}
{"log":"  rootpath: '.',\n","stream":"stdout","time":"2024-04-17T11:34:14.069561111Z"}
{"log":"  link: 'S:/0700-0799/StO 0728 Wilskistr 79/20246135 Inspektion',\n","stream":"stdout","time":"2024-04-17T11:34:14.069569911Z"}
{"log":"  filename: '__locally_added__1712749273000__locally_added__CAP1186230195131803820_jpg.maybe.jpg'\n","stream":"stdout","time":"2024-04-17T11:34:14.069572011Z"}
{"log":"}\n","stream":"stdout","time":"2024-04-17T11:34:14.069573911Z"}
{"log":"gettin file from  {\n","stream":"stdout","time":"2024-04-17T11:34:14.069940119Z"}
{"log":"  rootpath: '.',\n","stream":"stdout","time":"2024-04-17T11:34:14.069955619Z"}
{"log":"  link: 'S:/0300-0399/StO 0340 Trebbiner Str. 1-6/20246132 Inspektion',\n","stream":"stdout","time":"2024-04-17T11:34:14.069959719Z"}
{"log":"  filename: '__locally_added__1712726473000__locally_added__CAP5263399794371227760_jpg.maybe.jpg'\n","stream":"stdout","time":"2024-04-17T11:34:14.069962419Z"}
{"log":"}\n","stream":"stdout","time":"2024-04-17T11:34:14.069964719Z"}
{"log":"gettin file from  {\n","stream":"stdout","time":"2024-04-17T11:34:14.070316827Z"}
{"log":"  rootpath: '.',\n","stream":"stdout","time":"2024-04-17T11:34:14.070325527Z"}
{"log":"  link: 'S:/1300-1399/StO 1384 FW Treptow/20236545 Inspektion',\n","stream":"stdout","time":"2024-04-17T11:34:14.070327627Z"}
{"log":"  filename: '__locally_added__1712581357000__locally_added__CAP4313762040255822464_jpg.maybe.jpg'\n","stream":"stdout","time":"2024-04-17T11:34:14.070329727Z"}
{"log":"}\n","stream":"stdout","time":"2024-04-17T11:34:14.070332127Z"}
{"log":"gettin file from  {\n","stream":"stdout","time":"2024-04-17T11:34:14.070699835Z"}
{"log":"  rootpath: '.',\n","stream":"stdout","time":"2024-04-17T11:34:14.070708135Z"}
{"log":"  link: 'S:/0700-0799/StO 0728 Wilskistr 79/20246135 Inspektion',\n","stream":"stdout","time":"2024-04-17T11:34:14.070710235Z"}
{"log":"  filename: '__locally_added__1712747730000__locally_added__CAP3582316046411754466_jpg.maybe.jpg'\n","stream":"stdout","time":"2024-04-17T11:34:14.070712235Z"}
{"log":"}\n","stream":"stdout","time":"2024-04-17T11:34:14.070714935Z"}
{"log":"gettin file from  {\n","stream":"stdout","time":"2024-04-17T11:34:14.071098743Z"}
{"log":"  rootpath: '.',\n","stream":"stdout","time":"2024-04-17T11:34:14.071106944Z"}
{"log":"  link: 'S:/0700-0799/StO 0728 Wilskistr 79/20246135 Inspektion',\n","stream":"stdout","time":"2024-04-17T11:34:14.071109044Z"}
{"log":"  filename: '__locally_added__1712747730000__locally_added__CAP4101785895939610652_jpg.maybe.jpg'\n","stream":"stdout","time":"2024-04-17T11:34:14.071110844Z"}
{"log":"}\n","stream":"stdout","time":"2024-04-17T11:34:14.071116744Z"}
{"log":"gettin file from  {\n","stream":"stdout","time":"2024-04-17T11:34:14.077770285Z"}
{"log":"  rootpath: '.',\n","stream":"stdout","time":"2024-04-17T11:34:14.077781186Z"}
{"log":"  link: 'S:/0700-0799/StO 0728 Wilskistr 79/20246135 Inspektion',\n","stream":"stdout","time":"2024-04-17T11:34:14.077783686Z"}
{"log":"  filename: '__locally_added__1712752448000__locally_added__CAP6586700495119286435_jpg.maybe.jpg'\n","stream":"stdout","time":"2024-04-17T11:34:14.077785786Z"}
{"log":"}\n","stream":"stdout","time":"2024-04-17T11:34:14.077788186Z"}
{"log":"gettin file from  {\n","stream":"stdout","time":"2024-04-17T11:34:14.078152493Z"}
{"log":"  rootpath: '.',\n","stream":"stdout","time":"2024-04-17T11:34:14.078161694Z"}
{"log":"  link: 'S:/4300-4399/StO 4322 Machandelweg 24 BVG Ausbildungsstätte/20246134 Inspektion',\n","stream":"stdout","time":"2024-04-17T11:34:14.078163894Z"}
{"log":"  filename: '__locally_added__1712739922000__locally_added__CAP6856528333164584490_jpg.maybe.jpg'\n","stream":"stdout","time":"2024-04-17T11:34:14.078166194Z"}
{"log":"}\n","stream":"stdout","time":"2024-04-17T11:34:14.078168594Z"}
{"log":"gettin file from  {\n","stream":"stdout","time":"2024-04-17T11:34:15.911384309Z"}
{"log":"  rootpath: '.',\n","stream":"stdout","time":"2024-04-17T11:34:15.911401909Z"}
{"log":"  link: 'S:/0500-0599/StO 0545 Potsdamer Platz - debis/20236550 Inspektion',\n","stream":"stdout","time":"2024-04-17T11:34:15.911404609Z"}
{"log":"  filename: '__locally_added__1712642058000__locally_added__CAP3373348435886993769_jpg.maybe.jpg'\n","stream":"stdout","time":"2024-04-17T11:34:15.911406909Z"}
{"log":"}\n","stream":"stdout","time":"2024-04-17T11:34:15.911421809Z"}
{"log":"gettin file from  {\n","stream":"stdout","time":"2024-04-17T11:34:15.91192282Z"}
{"log":"  rootpath: '.',\n","stream":"stdout","time":"2024-04-17T11:34:15.91193582Z"}
{"log":"  link: 'S:/0500-0599/StO 0504 Heinsestr 22-24 FW/20236538 Inspektion',\n","stream":"stdout","time":"2024-04-17T11:34:15.91193902Z"}
{"log":"  filename: '__locally_added__1712667157000__locally_added__CAP7567068436012030787_jpg.maybe.jpg'\n","stream":"stdout","time":"2024-04-17T11:34:15.91194122Z"}
{"log":"}\n","stream":"stdout","time":"2024-04-17T11:34:15.911943721Z"}
{"log":"gettin file from  {\n","stream":"stdout","time":"2024-04-17T11:34:15.912234827Z"}
{"log":"  rootpath: '.',\n","stream":"stdout","time":"2024-04-17T11:34:15.912241927Z"}
{"log":"  link: 'S:/0500-0599/StO 0530 Kochstraße 22 Neubau/20236554 Inspektion',\n","stream":"stdout","time":"2024-04-17T11:34:15.912244027Z"}
{"log":"  filename: '__locally_added__1712650624000__locally_added__CAP5014306883463681331_jpg.maybe.jpg'\n","stream":"stdout","time":"2024-04-17T11:34:15.912246527Z"}
{"log":"}\n","stream":"stdout","time":"2024-04-17T11:34:15.912248827Z"}
{"log":"gettin file from  {\n","stream":"stdout","time":"2024-04-17T11:34:15.912522733Z"}
{"log":"  rootpath: '.',\n","stream":"stdout","time":"2024-04-17T11:34:15.912529133Z"}
{"log":"  link: 'S:/0500-0599/StO 0504 Heinsestr 22-24 FW/20236538 Inspektion',\n","stream":"stdout","time":"2024-04-17T11:34:15.912531133Z"}
{"log":"  filename: '__locally_added__1712667904000__locally_added__CAP6024212397901626270_jpg.maybe.jpg'\n","stream":"stdout","time":"2024-04-17T11:34:15.912533333Z"}
{"log":"}\n","stream":"stdout","time":"2024-04-17T11:34:15.912535633Z"}
{"log":"gettin file from  {\n","stream":"stdout","time":"2024-04-17T11:34:15.912805439Z"}
{"log":"  rootpath: '.',\n","stream":"stdout","time":"2024-04-17T11:34:15.912811739Z"}
{"log":"  link: 'S:/0500-0599/StO 0504 Heinsestr 22-24 FW/20236538 Inspektion',\n","stream":"stdout","time":"2024-04-17T11:34:15.912817939Z"}
{"log":"  filename: '__locally_added__1712667157000__locally_added__CAP8241187921939681939_jpg.maybe.jpg'\n","stream":"stdout","time":"2024-04-17T11:34:15.912820139Z"}
{"log":"}\n","stream":"stdout","time":"2024-04-17T11:34:15.912822139Z"}
{"log":"gettin file from  {\n","stream":"stdout","time":"2024-04-17T11:34:15.913090945Z"}
{"log":"  rootpath: '.',\n","stream":"stdout","time":"2024-04-17T11:34:15.913097345Z"}
{"log":"  link: 'S:/0500-0599/StO 0545 Potsdamer Platz - debis/20236550 Inspektion',\n","stream":"stdout","time":"2024-04-17T11:34:15.913099445Z"}
{"log":"  filename: '__locally_added__1712641960000__locally_added__CAP9014899963328317786_jpg.maybe.jpg'\n","stream":"stdout","time":"2024-04-17T11:34:15.913101545Z"}
{"log":"}\n","stream":"stdout","time":"2024-04-17T11:34:15.913103745Z"}
{"log":"gettin file from  {\n","stream":"stdout","time":"2024-04-17T11:34:15.913419752Z"}
{"log":"  rootpath: '.',\n","stream":"stdout","time":"2024-04-17T11:34:15.913426152Z"}
{"log":"  link: 'S:/0500-0599/StO 0530 Kochstraße 22 Neubau/20236554 Inspektion',\n","stream":"stdout","time":"2024-04-17T11:34:15.913428252Z"}
{"log":"  filename: '__locally_added__1712656210000__locally_added__CAP3738143291214736179_jpg.maybe.jpg'\n","stream":"stdout","time":"2024-04-17T11:34:15.913430352Z"}
{"log":"}\n","stream":"stdout","time":"2024-04-17T11:34:15.913432552Z"}
{"log":"gettin file from  {\n","stream":"stdout","time":"2024-04-17T11:34:15.913758959Z"}
{"log":"  rootpath: '.',\n","stream":"stdout","time":"2024-04-17T11:34:15.913765759Z"}
{"log":"  link: 'S:/0500-0599/StO 0530 Kochstraße 22 Neubau/20236554 Inspektion',\n","stream":"stdout","time":"2024-04-17T11:34:15.913767859Z"}
{"log":"  filename: '__locally_added__1712650046000__locally_added__CAP6790372350236046991_jpg.maybe.jpg'\n","stream":"stdout","time":"2024-04-17T11:34:15.913770059Z"}
{"log":"}\n","stream":"stdout","time":"2024-04-17T11:34:15.913772059Z"}
{"log":"gettin file from  {\n","stream":"stdout","time":"2024-04-17T11:34:15.914094266Z"}
{"log":"  rootpath: '.',\n","stream":"stdout","time":"2024-04-17T11:34:15.914104367Z"}
{"log":"  link: 'S:/0500-0599/StO 0545 Potsdamer Platz - debis/20236550 Inspektion',\n","stream":"stdout","time":"2024-04-17T11:34:15.914106767Z"}
{"log":"  filename: '__locally_added__1712641716000__locally_added__CAP1695644378771249471_jpg.maybe.jpg'\n","stream":"stdout","time":"2024-04-17T11:34:15.914108867Z"}
{"log":"}\n","stream":"stdout","time":"2024-04-17T11:34:15.914111267Z"}
{"log":"gettin file from  {\n","stream":"stdout","time":"2024-04-17T11:34:15.914379672Z"}
{"log":"  rootpath: '.',\n","stream":"stdout","time":"2024-04-17T11:34:15.914400873Z"}
{"log":"  link: 'S:/1000-1099/StO 1051 Europacenter/20236551 Inspektion',\n","stream":"stdout","time":"2024-04-17T11:34:15.914423973Z"}
{"log":"  filename: '__locally_added__1712661802000__locally_added__CAP7807184957407060773_jpg.maybe.jpg'\n","stream":"stdout","time":"2024-04-17T11:34:15.914432074Z"}
{"log":"}\n","stream":"stdout","time":"2024-04-17T11:34:15.914454574Z"}
{"log":"gettin file from  {\n","stream":"stdout","time":"2024-04-17T11:34:15.915984007Z"}
{"log":"  rootpath: '.',\n","stream":"stdout","time":"2024-04-17T11:34:15.916005007Z"}
{"log":"  link: 'S:/1000-1099/StO 1051 Europacenter/20236551 Inspektion',\n","stream":"stdout","time":"2024-04-17T11:34:15.916033808Z"}
{"log":"  filename: '__locally_added__1712661802000__locally_added__CAP1280621469532518396_jpg.maybe.jpg'\n","stream":"stdout","time":"2024-04-17T11:34:15.916047408Z"}
{"log":"}\n","stream":"stdout","time":"2024-04-17T11:34:15.916067408Z"}
{"log":"gettin file from  {\n","stream":"stdout","time":"2024-04-17T11:34:15.91661702Z"}
{"log":"  rootpath: '.',\n","stream":"stdout","time":"2024-04-17T11:34:15.91663502Z"}
{"log":"  link: 'S:/1000-1099/StO 1051 Europacenter/20236551 Inspektion',\n","stream":"stdout","time":"2024-04-17T11:34:15.916658721Z"}
{"log":"  filename: '__locally_added__1712663745000__locally_added__CAP98149675967372459_jpg.maybe.jpg'\n","stream":"stdout","time":"2024-04-17T11:34:15.916665621Z"}
{"log":"}\n","stream":"stdout","time":"2024-04-17T11:34:15.916692322Z"}
{"log":"gettin file from  {\n","stream":"stdout","time":"2024-04-17T11:34:15.918697364Z"}
{"log":"  rootpath: '.',\n","stream":"stdout","time":"2024-04-17T11:34:15.918715065Z"}
{"log":"  link: 'S:/0700-0799/StO 0728 Wilskistr 79/20246135 Inspektion',\n","stream":"stdout","time":"2024-04-17T11:34:15.918737965Z"}
{"log":"  filename: '__locally_added__1712749273000__locally_added__CAP1736688760908477562_jpg.maybe.jpg'\n","stream":"stdout","time":"2024-04-17T11:34:15.918744665Z"}
{"log":"}\n","stream":"stdout","time":"2024-04-17T11:34:15.918765966Z"}
{"log":"gettin file from  {\n","stream":"stdout","time":"2024-04-17T11:34:15.919107673Z"}
{"log":"  rootpath: '.',\n","stream":"stdout","time":"2024-04-17T11:34:15.919118073Z"}
{"log":"  link: 'S:/4300-4399/StO 4322 Machandelweg 24 BVG Ausbildungsstätte/20246134 Inspektion',\n","stream":"stdout","time":"2024-04-17T11:34:15.919120173Z"}
{"log":"  filename: '__locally_added__1712741955000__locally_added__CAP5921883136952155866_jpg.maybe.jpg'\n","stream":"stdout","time":"2024-04-17T11:34:15.919122273Z"}
{"log":"}\n","stream":"stdout","time":"2024-04-17T11:34:15.919128273Z"}
{"log":"gettin file from  {\n","stream":"stdout","time":"2024-04-17T11:34:15.91945548Z"}
{"log":"  rootpath: '.',\n","stream":"stdout","time":"2024-04-17T11:34:15.919462481Z"}
{"log":"  link: 'S:/0500-0599/StO 0504 Heinsestr 22-24 FW/20236538 Inspektion',\n","stream":"stdout","time":"2024-04-17T11:34:15.919464581Z"}
{"log":"  filename: '__locally_added__1712669711000__locally_added__CAP7928783376185575018_jpg.maybe.jpg'\n","stream":"stdout","time":"2024-04-17T11:34:15.919466481Z"}
{"log":"}\n","stream":"stdout","time":"2024-04-17T11:34:15.919468981Z"}
{"log":"gettin file from  {\n","stream":"stdout","time":"2024-04-17T11:34:15.919727686Z"}
{"log":"  rootpath: '.',\n","stream":"stdout","time":"2024-04-17T11:34:15.919733786Z"}
{"log":"  link: 'S:/0300-0399/StO 0340 Trebbiner Str. 1-6/20246132 Inspektion',\n","stream":"stdout","time":"2024-04-17T11:34:15.919741987Z"}
{"log":"  filename: '__locally_added__1712726473000__locally_added__CAP1675678764807061466_jpg.maybe.jpg'\n","stream":"stdout","time":"2024-04-17T11:34:15.919744287Z"}
{"log":"}\n","stream":"stdout","time":"2024-04-17T11:34:15.919751587Z"}
{"log":"gettin file from  {\n","stream":"stdout","time":"2024-04-17T11:34:15.920119795Z"}
{"log":"  rootpath: '.',\n","stream":"stdout","time":"2024-04-17T11:34:15.920127995Z"}
{"log":"  link: 'S:/0100-0199/StO 0151 Fürstenwalder Damm 739 (BVG)/20246131 Inspektion',\n","stream":"stdout","time":"2024-04-17T11:34:15.920130095Z"}
{"log":"  filename: '__locally_added__1712821996000__locally_added__CAP8272957629305258692_jpg.maybe.jpg'\n","stream":"stdout","time":"2024-04-17T11:34:15.920132395Z"}
{"log":"}\n","stream":"stdout","time":"2024-04-17T11:34:15.920134595Z"}
{"log":"gettin file from  {\n","stream":"stdout","time":"2024-04-17T11:34:15.925811216Z"}
{"log":"  rootpath: '.',\n","stream":"stdout","time":"2024-04-17T11:34:15.925824016Z"}
{"log":"  link: 'S:/0700-0799/StO 0746 Wendenschloßstraße 138 (BVG)/20246138 Inspektion',\n","stream":"stdout","time":"2024-04-17T11:34:15.925826516Z"}
{"log":"  filename: '__locally_added__1712827453000__locally_added__CAP6431260014139234947_jpg.maybe.jpg'\n","stream":"stdout","time":"2024-04-17T11:34:15.925828816Z"}
{"log":"}\n","stream":"stdout","time":"2024-04-17T11:34:15.925831416Z"}
{"log":"gettin file from  {\n","stream":"stdout","time":"2024-04-17T11:34:15.926209024Z"}
{"log":"  rootpath: '.',\n","stream":"stdout","time":"2024-04-17T11:34:15.926217124Z"}
{"log":"  link: 'S:/0500-0599/StO 0530 Kochstraße 22 Neubau/20236554 Inspektion',\n","stream":"stdout","time":"2024-04-17T11:34:15.926219224Z"}
{"log":"  filename: '__locally_added__1712650624000__locally_added__CAP5991536482088259743_jpg.maybe.jpg'\n","stream":"stdout","time":"2024-04-17T11:34:15.926221524Z"}
{"log":"}\n","stream":"stdout","time":"2024-04-17T11:34:15.926223824Z"}
{"log":"gettin file from  {\n","stream":"stdout","time":"2024-04-17T11:34:15.931041127Z"}
{"log":"  rootpath: '.',\n","stream":"stdout","time":"2024-04-17T11:34:15.931051427Z"}
{"log":"  link: 'S:/1300-1399/StO 1384 FW Treptow/20236545 Inspektion',\n","stream":"stdout","time":"2024-04-17T11:34:15.931053527Z"}
{"log":"  filename: '__locally_added__1712581296000__locally_added__CAP3712257603938949493_jpg.maybe.jpg'\n","stream":"stdout","time":"2024-04-17T11:34:15.931055727Z"}
{"log":"}\n","stream":"stdout","time":"2024-04-17T11:34:15.931057727Z"}
{"log":"gettin file from  {\n","stream":"stdout","time":"2024-04-17T11:34:15.931429635Z"}
{"log":"  rootpath: '.',\n","stream":"stdout","time":"2024-04-17T11:34:15.931438735Z"}
{"log":"  link: 'S:/0700-0799/StO 0746 Wendenschloßstraße 138 (BVG)/20246138 Inspektion',\n","stream":"stdout","time":"2024-04-17T11:34:15.931441036Z"}
{"log":"  filename: '__locally_added__1712824420000__locally_added__CAP7674156422964323772_jpg.maybe.jpg'\n","stream":"stdout","time":"2024-04-17T11:34:15.931443336Z"}
{"log":"}\n","stream":"stdout","time":"2024-04-17T11:34:15.931445536Z"}
{"log":"gettin file from  {\n","stream":"stdout","time":"2024-04-17T11:34:15.931713541Z"}
{"log":"  rootpath: '.',\n","stream":"stdout","time":"2024-04-17T11:34:15.931720441Z"}
{"log":"  link: 'S:/0500-0599/StO 0545 Potsdamer Platz - debis/20236550 Inspektion',\n","stream":"stdout","time":"2024-04-17T11:34:15.931722742Z"}
{"log":"  filename: '__locally_added__1712641960000__locally_added__CAP8385313163374859010_jpg.maybe.jpg'\n","stream":"stdout","time":"2024-04-17T11:34:15.931724842Z"}
{"log":"}\n","stream":"stdout","time":"2024-04-17T11:34:15.931727242Z"}
{"log":"gettin file from  {\n","stream":"stdout","time":"2024-04-17T11:34:15.932034848Z"}
{"log":"  rootpath: '.',\n","stream":"stdout","time":"2024-04-17T11:34:15.932042448Z"}
{"log":"  link: 'S:/0500-0599/StO 0504 Heinsestr 22-24 FW/20236538 Inspektion',\n","stream":"stdout","time":"2024-04-17T11:34:15.932044548Z"}
{"log":"  filename: '__locally_added__1712669699000__locally_added__CAP7485542291826671539_jpg.maybe.jpg'\n","stream":"stdout","time":"2024-04-17T11:34:15.932053549Z"}
{"log":"}\n","stream":"stdout","time":"2024-04-17T11:34:15.932055849Z"}
{"log":"gettin file from  {\n","stream":"stdout","time":"2024-04-17T11:34:15.932312654Z"}
{"log":"  rootpath: '.',\n","stream":"stdout","time":"2024-04-17T11:34:15.932318854Z"}
{"log":"  link: 'S:/0500-0599/StO 0504 Heinsestr 22-24 FW/20236538 Inspektion',\n","stream":"stdout","time":"2024-04-17T11:34:15.932320754Z"}
{"log":"  filename: '__locally_added__1712671152000__locally_added__CAP8803541112876254445_jpg.maybe.jpg'\n","stream":"stdout","time":"2024-04-17T11:34:15.932322654Z"}
{"log":"}\n","stream":"stdout","time":"2024-04-17T11:34:15.932325454Z"}
{"log":"gettin file from  {\n","stream":"stdout","time":"2024-04-17T11:34:15.932633461Z"}
{"log":"  rootpath: '.',\n","stream":"stdout","time":"2024-04-17T11:34:15.932642261Z"}
{"log":"  link: 'S:/0500-0599/StO 0530 Kochstraße 22 Neubau/20236554 Inspektion',\n","stream":"stdout","time":"2024-04-17T11:34:15.932644361Z"}
{"log":"  filename: '__locally_added__1712655011000__locally_added__CAP8569117866631597257_jpg.maybe.jpg'\n","stream":"stdout","time":"2024-04-17T11:34:15.932646461Z"}
{"log":"}\n","stream":"stdout","time":"2024-04-17T11:34:15.932648761Z"}
{"log":"gettin file from  {\n","stream":"stdout","time":"2024-04-17T11:34:15.932903767Z"}
{"log":"  rootpath: '.',\n","stream":"stdout","time":"2024-04-17T11:34:15.932910267Z"}
{"log":"  link: 'S:/1300-1399/StO 1384 FW Treptow/20236545 Inspektion',\n","stream":"stdout","time":"2024-04-17T11:34:15.932912167Z"}
{"log":"  filename: '__locally_added__1712576230000__locally_added__CAP2128576714496731263_jpg.maybe.jpg'\n","stream":"stdout","time":"2024-04-17T11:34:15.932914067Z"}
{"log":"}\n","stream":"stdout","time":"2024-04-17T11:34:15.932916567Z"}
{"log":"gettin file from  {\n","stream":"stdout","time":"2024-04-17T11:34:15.933215173Z"}
{"log":"  rootpath: '.',\n","stream":"stdout","time":"2024-04-17T11:34:15.933221673Z"}
{"log":"  link: 'S:/0100-0199/StO 0151 Fürstenwalder Damm 739 (BVG)/20246131 Inspektion',\n","stream":"stdout","time":"2024-04-17T11:34:15.933223673Z"}
{"log":"  filename: '__locally_added__1712820714000__locally_added__CAP1893738360810955730_jpg.maybe.jpg'\n","stream":"stdout","time":"2024-04-17T11:34:15.933225674Z"}
{"log":"}\n","stream":"stdout","time":"2024-04-17T11:34:15.933228174Z"}
{"log":"gettin file from  {\n","stream":"stdout","time":"2024-04-17T11:34:15.933673983Z"}
{"log":"  rootpath: '.',\n","stream":"stdout","time":"2024-04-17T11:34:15.933683283Z"}
{"log":"  link: 'S:/0700-0799/StO 0746 Wendenschloßstraße 138 (BVG)/20246138 Inspektion',\n","stream":"stdout","time":"2024-04-17T11:34:15.933685783Z"}
{"log":"  filename: '__locally_added__1712824454000__locally_added__CAP2283366988021650414_jpg.maybe.jpg'\n","stream":"stdout","time":"2024-04-17T11:34:15.933688683Z"}
{"log":"}\n","stream":"stdout","time":"2024-04-17T11:34:15.933691483Z"}
{"log":"gettin file from  {\n","stream":"stdout","time":"2024-04-17T11:34:15.934031391Z"}
{"log":"  rootpath: '.',\n","stream":"stdout","time":"2024-04-17T11:34:15.934037691Z"}
{"log":"  link: 'S:/0500-0599/StO 0530 Kochstraße 22 Neubau/20236554 Inspektion',\n","stream":"stdout","time":"2024-04-17T11:34:15.934039691Z"}
{"log":"  filename: '__locally_added__1712656193000__locally_added__CAP3229146762841543555_jpg.maybe.jpg'\n","stream":"stdout","time":"2024-04-17T11:34:15.934041791Z"}
{"log":"}\n","stream":"stdout","time":"2024-04-17T11:34:15.934044491Z"}
{"log":"gettin file from  {\n","stream":"stdout","time":"2024-04-17T11:34:15.934317797Z"}
{"log":"  rootpath: '.',\n","stream":"stdout","time":"2024-04-17T11:34:15.934324097Z"}
{"log":"  link: 'S:/0800-0899/StO 0820 FW Hellersdorf  Kummerower Ring 80/20236548 Inspektion',\n","stream":"stdout","time":"2024-04-17T11:34:15.934326097Z"}
{"log":"  filename: '__locally_added__1712557210000__locally_added__CAP5514209328180520151_jpg.maybe.jpg'\n","stream":"stdout","time":"2024-04-17T11:34:15.934327997Z"}
{"log":"}\n","stream":"stdout","time":"2024-04-17T11:34:15.934338597Z"}
{"log":"gettin file from  {\n","stream":"stdout","time":"2024-04-17T11:34:15.934646204Z"}
{"log":"  rootpath: '.',\n","stream":"stdout","time":"2024-04-17T11:34:15.934656404Z"}
{"log":"  link: 'S:/1000-1099/StO 1051 Europacenter/20236551 Inspektion',\n","stream":"stdout","time":"2024-04-17T11:34:15.934659004Z"}
{"log":"  filename: '__locally_added__1712658762000__locally_added__CAP7275321103572784082_jpg.maybe.jpg'\n","stream":"stdout","time":"2024-04-17T11:34:15.934661704Z"}
{"log":"}\n","stream":"stdout","time":"2024-04-17T11:34:15.934663804Z"}
{"log":"gettin file from  {\n","stream":"stdout","time":"2024-04-17T11:34:15.934996211Z"}
{"log":"  rootpath: '.',\n","stream":"stdout","time":"2024-04-17T11:34:15.935006111Z"}
{"log":"  link: 'S:/1000-1099/StO 1051 Europacenter/20236551 Inspektion',\n","stream":"stdout","time":"2024-04-17T11:34:15.935008411Z"}
{"log":"  filename: '__locally_added__1712658762000__locally_added__CAP3244967912174526282_jpg.maybe.jpg'\n","stream":"stdout","time":"2024-04-17T11:34:15.935011112Z"}
{"log":"}\n","stream":"stdout","time":"2024-04-17T11:34:15.935013312Z"}
{"log":"gettin file from  {\n","stream":"stdout","time":"2024-04-17T11:34:15.935262217Z"}
{"log":"  rootpath: '.',\n","stream":"stdout","time":"2024-04-17T11:34:15.935271117Z"}
{"log":"  link: 'S:/0500-0599/StO 0545 Potsdamer Platz - debis/20236550 Inspektion',\n","stream":"stdout","time":"2024-04-17T11:34:15.935273117Z"}
{"log":"  filename: '__locally_added__1712646353000__locally_added__CAP550004965135875308_jpg.maybe.jpg'\n","stream":"stdout","time":"2024-04-17T11:34:15.935275117Z"}
{"log":"}\n","stream":"stdout","time":"2024-04-17T11:34:15.935277317Z"}
{"log":"gettin file from  {\n","stream":"stdout","time":"2024-04-17T11:34:15.935577624Z"}
{"log":"  rootpath: '.',\n","stream":"stdout","time":"2024-04-17T11:34:15.935585924Z"}
{"log":"  link: 'S:/1300-1399/StO 1384 FW Treptow/20236545 Inspektion',\n","stream":"stdout","time":"2024-04-17T11:34:15.935587924Z"}
{"log":"  filename: '__locally_added__1712576196000__locally_added__CAP746918297586171093_jpg.maybe.jpg'\n","stream":"stdout","time":"2024-04-17T11:34:15.935589724Z"}
{"log":"}\n","stream":"stdout","time":"2024-04-17T11:34:15.935592124Z"}
{"log":"gettin file from  {\n","stream":"stdout","time":"2024-04-17T11:34:15.935907131Z"}
{"log":"  rootpath: '.',\n","stream":"stdout","time":"2024-04-17T11:34:15.935914031Z"}
{"log":"  link: 'S:/15200-15299/StO 15216 FF Friedrichshagen Müggelseedamm 178/20236546 Inspektion',\n","stream":"stdout","time":"2024-04-17T11:34:15.935916031Z"}
{"log":"  filename: '__locally_added__1712565732000__locally_added__CAP1846879038905944387_jpg.maybe.jpg'\n","stream":"stdout","time":"2024-04-17T11:34:15.935918431Z"}
{"log":"}\n","stream":"stdout","time":"2024-04-17T11:34:15.935920531Z"}
{"log":"gettin file from  {\n","stream":"stdout","time":"2024-04-17T11:34:15.93635234Z"}
{"log":"  rootpath: '.',\n","stream":"stdout","time":"2024-04-17T11:34:15.93636224Z"}
{"log":"  link: 'S:/0700-0799/StO 0746 Wendenschloßstraße 138 (BVG)/20246138 Inspektion',\n","stream":"stdout","time":"2024-04-17T11:34:15.93636464Z"}
{"log":"  filename: '__locally_added__1712824381000__locally_added__CAP8428117981706564139_jpg.maybe.jpg'\n","stream":"stdout","time":"2024-04-17T11:34:15.93636704Z"}
{"log":"}\n","stream":"stdout","time":"2024-04-17T11:34:15.93636924Z"}
{"log":"gettin file from  {\n","stream":"stdout","time":"2024-04-17T11:34:15.936603145Z"}
{"log":"  rootpath: '.',\n","stream":"stdout","time":"2024-04-17T11:34:15.936611146Z"}
{"log":"  link: 'S:/0100-0199/StO 0151 Fürstenwalder Damm 739 (BVG)/20246131 Inspektion',\n","stream":"stdout","time":"2024-04-17T11:34:15.936613246Z"}
{"log":"  filename: '__locally_added__1712821392000__locally_added__CAP6552896284886878543_jpg.maybe.jpg'\n","stream":"stdout","time":"2024-04-17T11:34:15.936615346Z"}
{"log":"}\n","stream":"stdout","time":"2024-04-17T11:34:15.936617546Z"}
{"log":"gettin file from  {\n","stream":"stdout","time":"2024-04-17T11:34:15.951238457Z"}
{"log":"  rootpath: '.',\n","stream":"stdout","time":"2024-04-17T11:34:15.951259457Z"}
{"log":"  link: 'S:/0100-0199/StO 0151 Fürstenwalder Damm 739 (BVG)/20246131 Inspektion',\n","stream":"stdout","time":"2024-04-17T11:34:15.951262157Z"}
{"log":"  filename: '__locally_added__1712812816000__locally_added__CAP103100374699219531_jpg.maybe.jpg'\n","stream":"stdout","time":"2024-04-17T11:34:15.951264557Z"}
{"log":"}\n","stream":"stdout","time":"2024-04-17T11:34:15.951266557Z"}
{"log":"gettin file from  {\n","stream":"stdout","time":"2024-04-17T11:34:15.951623365Z"}
{"log":"  rootpath: '.',\n","stream":"stdout","time":"2024-04-17T11:34:15.951631165Z"}
{"log":"  link: 'S:/0700-0799/StO 0728 Wilskistr 79/20246135 Inspektion',\n","stream":"stdout","time":"2024-04-17T11:34:15.951633165Z"}
{"log":"  filename: '__locally_added__1712752037000__locally_added__CAP7592590017664497642_jpg.maybe.jpg'\n","stream":"stdout","time":"2024-04-17T11:34:15.951635465Z"}
{"log":"}\n","stream":"stdout","time":"2024-04-17T11:34:15.951637465Z"}
{"log":"gettin file from  {\n","stream":"stdout","time":"2024-04-17T11:34:15.951967572Z"}
{"log":"  rootpath: '.',\n","stream":"stdout","time":"2024-04-17T11:34:15.951975573Z"}
{"log":"  link: 'S:/0300-0399/StO 0340 Trebbiner Str. 1-6/20246132 Inspektion',\n","stream":"stdout","time":"2024-04-17T11:34:15.951979073Z"}
{"log":"  filename: '__locally_added__1712732708000__locally_added__CAP4744318609350480411_jpg.maybe.jpg'\n","stream":"stdout","time":"2024-04-17T11:34:15.951981173Z"}
{"log":"}\n","stream":"stdout","time":"2024-04-17T11:34:15.951983273Z"}
{"log":"gettin file from  {\n","stream":"stdout","time":"2024-04-17T11:34:15.95230668Z"}
{"log":"  rootpath: '.',\n","stream":"stdout","time":"2024-04-17T11:34:15.95231278Z"}
{"log":"  link: 'S:/0700-0799/StO 0728 Wilskistr 79/20246135 Inspektion',\n","stream":"stdout","time":"2024-04-17T11:34:15.95231478Z"}
{"log":"  filename: '__locally_added__1712749273000__locally_added__CAP573760713025198388_jpg.maybe.jpg'\n","stream":"stdout","time":"2024-04-17T11:34:15.95231668Z"}
{"log":"}\n","stream":"stdout","time":"2024-04-17T11:34:15.95231848Z"}
{"log":"gettin file from  {\n","stream":"stdout","time":"2024-04-17T11:34:15.953616207Z"}
{"log":"  rootpath: '.',\n","stream":"stdout","time":"2024-04-17T11:34:15.953626208Z"}
{"log":"  link: 'S:/1000-1099/StO 1008 Planstr Ost 6/20246140 Inspektion',\n","stream":"stdout","time":"2024-04-17T11:34:15.953628408Z"}
{"log":"  filename: '__locally_added__1712831776000__locally_added__CAP1009246596572662639_jpg.maybe.jpg'\n","stream":"stdout","time":"2024-04-17T11:34:15.953630408Z"}
{"log":"}\n","stream":"stdout","time":"2024-04-17T11:34:15.953632508Z"}
{"log":"gettin file from  {\n","stream":"stdout","time":"2024-04-17T11:34:15.954579828Z"}
{"log":"  rootpath: '.',\n","stream":"stdout","time":"2024-04-17T11:34:15.954589128Z"}
{"log":"  link: 'S:/15200-15299/StO 15216 FF Friedrichshagen Müggelseedamm 178/20236546 Inspektion',\n","stream":"stdout","time":"2024-04-17T11:34:15.954591228Z"}
{"log":"  filename: '__locally_added__1712568216000__locally_added__CAP3103953399810637800_jpg.maybe.jpg'\n","stream":"stdout","time":"2024-04-17T11:34:15.954593528Z"}
{"log":"}\n","stream":"stdout","time":"2024-04-17T11:34:15.954596228Z"}
{"log":"gettin file from  {\n","stream":"stdout","time":"2024-04-17T11:34:15.954935236Z"}
{"log":"  rootpath: '.',\n","stream":"stdout","time":"2024-04-17T11:34:15.954946636Z"}
{"log":"  link: 'S:/1300-1399/StO 1384 FW Treptow/20236545 Inspektion',\n","stream":"stdout","time":"2024-04-17T11:34:15.954949036Z"}
{"log":"  filename: '__locally_added__1712571708000__locally_added__CAP8866017931656980728_jpg.maybe.jpg'\n","stream":"stdout","time":"2024-04-17T11:34:15.954951136Z"}
{"log":"}\n","stream":"stdout","time":"2024-04-17T11:34:15.954953036Z"}
{"log":"gettin file from  {\n","stream":"stdout","time":"2024-04-17T11:34:15.955277343Z"}
{"log":"  rootpath: '.',\n","stream":"stdout","time":"2024-04-17T11:34:15.955285943Z"}
{"log":"  link: 'S:/0700-0799/StO 0746 Wendenschloßstraße 138 (BVG)/20246138 Inspektion',\n","stream":"stdout","time":"2024-04-17T11:34:15.955288143Z"}
{"log":"  filename: '__locally_added__1712827453000__locally_added__CAP7511746370002947515_jpg.maybe.jpg'\n","stream":"stdout","time":"2024-04-17T11:34:15.955295443Z"}
{"log":"}\n","stream":"stdout","time":"2024-04-17T11:34:15.955297443Z"}
{"log":"gettin file from  {\n","stream":"stdout","time":"2024-04-17T11:34:15.955644551Z"}
{"log":"  rootpath: '.',\n","stream":"stdout","time":"2024-04-17T11:34:15.955652251Z"}
{"log":"  link: 'S:/0700-0799/StO 0732 Schulstraße 5-6/20246136 Inspektion',\n","stream":"stdout","time":"2024-04-17T11:34:15.955654251Z"}
{"log":"  filename: '__locally_added__1712911728000__locally_added__CAP9133179826755166423_jpg.maybe.jpg'\n","stream":"stdout","time":"2024-04-17T11:34:15.955656251Z"}
{"log":"}\n","stream":"stdout","time":"2024-04-17T11:34:15.955658751Z"}
{"log":"gettin file from  {\n","stream":"stdout","time":"2024-04-17T11:34:15.955996158Z"}
{"log":"  rootpath: '.',\n","stream":"stdout","time":"2024-04-17T11:34:15.956003758Z"}
{"log":"  link: 'S:/1000-1099/StO 1008 Planstr Ost 6/20246140 Inspektion',\n","stream":"stdout","time":"2024-04-17T11:34:15.956005758Z"}
{"log":"  filename: '__locally_added__1712831776000__locally_added__CAP5188660666460305281_jpg.maybe.jpg'\n","stream":"stdout","time":"2024-04-17T11:34:15.956007558Z"}
{"log":"}\n","stream":"stdout","time":"2024-04-17T11:34:15.956009458Z"}
{"log":"gettin file from  {\n","stream":"stdout","time":"2024-04-17T11:34:15.956421867Z"}
{"log":"  rootpath: '.',\n","stream":"stdout","time":"2024-04-17T11:34:15.956430867Z"}
{"log":"  link: 'S:/0700-0799/StO 0732 Schulstraße 5-6/20246136 Inspektion',\n","stream":"stdout","time":"2024-04-17T11:34:15.956432967Z"}
{"log":"  filename: '__locally_added__1712909366000__locally_added__CAP5326246770755728153_jpg.maybe.jpg'\n","stream":"stdout","time":"2024-04-17T11:34:15.956435167Z"}
{"log":"}\n","stream":"stdout","time":"2024-04-17T11:34:15.956437268Z"}
{"log":"gettin file from  {\n","stream":"stdout","time":"2024-04-17T11:34:15.956664472Z"}
{"log":"  rootpath: '.',\n","stream":"stdout","time":"2024-04-17T11:34:15.956671072Z"}
{"log":"  link: 'S:/0700-0799/StO 0732 Schulstraße 5-6/20246136 Inspektion',\n","stream":"stdout","time":"2024-04-17T11:34:15.956673073Z"}
{"log":"  filename: '__locally_added__1712911728000__locally_added__CAP2176665392229861544_jpg.maybe.jpg'\n","stream":"stdout","time":"2024-04-17T11:34:15.956675073Z"}
{"log":"}\n","stream":"stdout","time":"2024-04-17T11:34:15.956677173Z"}
{"log":"gettin file from  {\n","stream":"stdout","time":"2024-04-17T11:34:15.956989179Z"}
{"log":"  rootpath: '.',\n","stream":"stdout","time":"2024-04-17T11:34:15.956995979Z"}
{"log":"  link: 'S:/0700-0799/StO 0732 Schulstraße 5-6/20246136 Inspektion',\n","stream":"stdout","time":"2024-04-17T11:34:15.956997979Z"}
{"log":"  filename: '__locally_added__1712909366000__locally_added__CAP4354292350469240876_jpg.maybe.jpg'\n","stream":"stdout","time":"2024-04-17T11:34:15.956999979Z"}
{"log":"}\n","stream":"stdout","time":"2024-04-17T11:34:15.95700218Z"}
{"log":"gettin file from  {\n","stream":"stdout","time":"2024-04-17T11:34:15.957323286Z"}
{"log":"  rootpath: '.',\n","stream":"stdout","time":"2024-04-17T11:34:15.957332187Z"}
{"log":"  link: 'S:/0700-0799/StO 0744 Blankenfelderstraße/20246137 Inspektion',\n","stream":"stdout","time":"2024-04-17T11:34:15.957334387Z"}
{"log":"  filename: '__locally_added__1712899311000__locally_added__CAP8622694713298409258_jpg.maybe.jpg'\n","stream":"stdout","time":"2024-04-17T11:34:15.957336387Z"}
{"log":"}\n","stream":"stdout","time":"2024-04-17T11:34:15.957338387Z"}
{"log":"gettin file from  {\n","stream":"stdout","time":"2024-04-17T11:34:15.957698694Z"}
{"log":"  rootpath: '.',\n","stream":"stdout","time":"2024-04-17T11:34:15.957708295Z"}
{"log":"  link: 'S:/0700-0799/StO 0732 Schulstraße 5-6/20246136 Inspektion',\n","stream":"stdout","time":"2024-04-17T11:34:15.957710595Z"}
{"log":"  filename: '__locally_added__1712911728000__locally_added__CAP3669942037011590421_jpg.maybe.jpg'\n","stream":"stdout","time":"2024-04-17T11:34:15.957712795Z"}
{"log":"}\n","stream":"stdout","time":"2024-04-17T11:34:15.957723195Z"}
{"log":"gettin file from  {\n","stream":"stdout","time":"2024-04-17T11:34:15.958055502Z"}
{"log":"  rootpath: '.',\n","stream":"stdout","time":"2024-04-17T11:34:15.958064802Z"}
{"log":"  link: 'S:/0700-0799/StO 0744 Blankenfelderstraße/20246137 Inspektion',\n","stream":"stdout","time":"2024-04-17T11:34:15.958067002Z"}
{"log":"  filename: '__locally_added__1712899218000__locally_added__CAP2765220902749665560_jpg.maybe.jpg'\n","stream":"stdout","time":"2024-04-17T11:34:15.958069202Z"}
{"log":"}\n","stream":"stdout","time":"2024-04-17T11:34:15.958071502Z"}
{"log":"gettin file from  {\n","stream":"stdout","time":"2024-04-17T11:34:15.95843561Z"}
{"log":"  rootpath: '.',\n","stream":"stdout","time":"2024-04-17T11:34:15.95844471Z"}
{"log":"  link: 'S:/1000-1099/StO 1008 Planstr Ost 6/20246140 Inspektion',\n","stream":"stdout","time":"2024-04-17T11:34:15.95844701Z"}
{"log":"  filename: '__locally_added__1712836232000__locally_added__CAP4662023584804337818_jpg.maybe.jpg'\n","stream":"stdout","time":"2024-04-17T11:34:15.95844901Z"}
{"log":"}\n","stream":"stdout","time":"2024-04-17T11:34:15.95845091Z"}
{"log":"gettin file from  {\n","stream":"stdout","time":"2024-04-17T11:34:15.958802718Z"}
{"log":"  rootpath: '.',\n","stream":"stdout","time":"2024-04-17T11:34:15.958811418Z"}
{"log":"  link: 'S:/0700-0799/StO 0732 Schulstraße 5-6/20246136 Inspektion',\n","stream":"stdout","time":"2024-04-17T11:34:15.958813518Z"}
{"log":"  filename: '__locally_added__1712909366000__locally_added__CAP5167023692791156167_jpg.maybe.jpg'\n","stream":"stdout","time":"2024-04-17T11:34:15.958815518Z"}
{"log":"}\n","stream":"stdout","time":"2024-04-17T11:34:15.958817418Z"}
{"log":"gettin file from  {\n","stream":"stdout","time":"2024-04-17T11:34:15.959124425Z"}
{"log":"  rootpath: '.',\n","stream":"stdout","time":"2024-04-17T11:34:15.959132425Z"}
{"log":"  link: 'S:/0700-0799/StO 0732 Schulstraße 5-6/20246136 Inspektion',\n","stream":"stdout","time":"2024-04-17T11:34:15.959134625Z"}
{"log":"  filename: '__locally_added__1712912634000__locally_added__CAP4923727982044660296_jpg.maybe.jpg'\n","stream":"stdout","time":"2024-04-17T11:34:15.959136825Z"}
{"log":"}\n","stream":"stdout","time":"2024-04-17T11:34:15.959138725Z"}
{"log":"gettin file from  {\n","stream":"stdout","time":"2024-04-17T11:34:15.96080296Z"}
{"log":"  rootpath: '.',\n","stream":"stdout","time":"2024-04-17T11:34:15.960813661Z"}
{"log":"  link: 'S:/0300-0399/StO 0340 Trebbiner Str. 1-6/20246132 Inspektion',\n","stream":"stdout","time":"2024-04-17T11:34:15.960816061Z"}
{"log":"  filename: '__locally_added__1712732708000__locally_added__CAP7066696031266310705_jpg.maybe.jpg'\n","stream":"stdout","time":"2024-04-17T11:34:15.960818261Z"}
{"log":"}\n","stream":"stdout","time":"2024-04-17T11:34:15.960820161Z"}
{"log":"gettin file from  {\n","stream":"stdout","time":"2024-04-17T11:34:15.96125017Z"}
{"log":"  rootpath: '.',\n","stream":"stdout","time":"2024-04-17T11:34:15.96126057Z"}
{"log":"  link: 'S:/0700-0799/StO 0728 Wilskistr 79/20246135 Inspektion',\n","stream":"stdout","time":"2024-04-17T11:34:15.96126297Z"}
{"log":"  filename: '__locally_added__1712749644000__locally_added__CAP8719142056867650231_jpg.maybe.jpg'\n","stream":"stdout","time":"2024-04-17T11:34:15.96126497Z"}
{"log":"}\n","stream":"stdout","time":"2024-04-17T11:34:15.96126717Z"}
{"log":"gettin file from  {\n","stream":"stdout","time":"2024-04-17T11:34:15.961571377Z"}
{"log":"  rootpath: '.',\n","stream":"stdout","time":"2024-04-17T11:34:15.961580577Z"}
{"log":"  link: 'S:/1300-1399/StO 1384 FW Treptow/20236545 Inspektion',\n","stream":"stdout","time":"2024-04-17T11:34:15.961582877Z"}
{"log":"  filename: '__locally_added__1712580413000__locally_added__CAP8710999620802019242_jpg.maybe.jpg'\n","stream":"stdout","time":"2024-04-17T11:34:15.961584777Z"}
{"log":"}\n","stream":"stdout","time":"2024-04-17T11:34:15.961586877Z"}
{"log":"gettin file from  {\n","stream":"stdout","time":"2024-04-17T11:34:15.961921784Z"}
{"log":"  rootpath: '.',\n","stream":"stdout","time":"2024-04-17T11:34:15.961935585Z"}
{"log":"  link: 'S:/1000-1099/StO 1009 Tempelhofer Ufer 31/20246156 Inspektion',\n","stream":"stdout","time":"2024-04-17T11:34:15.961937685Z"}
{"log":"  filename: '__locally_added__1712734944000__locally_added__CAP4303925417053372387_jpg.maybe.jpg'\n","stream":"stdout","time":"2024-04-17T11:34:15.961939685Z"}
{"log":"}\n","stream":"stdout","time":"2024-04-17T11:34:15.961941785Z"}
{"log":"gettin file from  {\n","stream":"stdout","time":"2024-04-17T11:34:15.962274292Z"}
{"log":"  rootpath: '.',\n","stream":"stdout","time":"2024-04-17T11:34:15.962282792Z"}
{"log":"  link: 'S:/1300-1399/StO 1384 FW Treptow/20236545 Inspektion',\n","stream":"stdout","time":"2024-04-17T11:34:15.962285092Z"}
{"log":"  filename: '__locally_added__1712581357000__locally_added__CAP4759294928308025927_jpg.maybe.jpg'\n","stream":"stdout","time":"2024-04-17T11:34:15.962287092Z"}
{"log":"}\n","stream":"stdout","time":"2024-04-17T11:34:15.962288992Z"}
{"log":"gettin file from  {\n","stream":"stdout","time":"2024-04-17T11:34:15.9626564Z"}
{"log":"  rootpath: '.',\n","stream":"stdout","time":"2024-04-17T11:34:15.962665Z"}
{"log":"  link: 'S:/0700-0799/StO 0728 Wilskistr 79/20246135 Inspektion',\n","stream":"stdout","time":"2024-04-17T11:34:15.962667Z"}
{"log":"  filename: '__locally_added__1712747730000__locally_added__CAP8478210023730532303_jpg.maybe.jpg'\n","stream":"stdout","time":"2024-04-17T11:34:15.962669Z"}
{"log":"}\n","stream":"stdout","time":"2024-04-17T11:34:15.9626712Z"}
{"log":"gettin file from  {\n","stream":"stdout","time":"2024-04-17T11:34:15.96312751Z"}
{"log":"  rootpath: '.',\n","stream":"stdout","time":"2024-04-17T11:34:15.96313701Z"}
{"log":"  link: 'S:/1000-1099/StO 1008 Planstr Ost 6/20246140 Inspektion',\n","stream":"stdout","time":"2024-04-17T11:34:15.96313911Z"}
{"log":"  filename: '__locally_added__1712836232000__locally_added__CAP9007726951746498637_jpg.maybe.jpg'\n","stream":"stdout","time":"2024-04-17T11:34:15.96314101Z"}
{"log":"}\n","stream":"stdout","time":"2024-04-17T11:34:15.96314341Z"}
{"log":"gettin file from  {\n","stream":"stdout","time":"2024-04-17T11:34:15.96409023Z"}
{"log":"  rootpath: '.',\n","stream":"stdout","time":"2024-04-17T11:34:15.964099131Z"}
{"log":"  link: 'S:/0100-0199/StO 0151 Fürstenwalder Damm 739 (BVG)/20246131 Inspektion',\n","stream":"stdout","time":"2024-04-17T11:34:15.964101131Z"}
{"log":"  filename: '__locally_added__1712815394000__locally_added__CAP6810927790213154584_jpg.maybe.jpg'\n","stream":"stdout","time":"2024-04-17T11:34:15.964103331Z"}
{"log":"}\n","stream":"stdout","time":"2024-04-17T11:34:15.964105531Z"}
{"log":"gettin file from  {\n","stream":"stdout","time":"2024-04-17T11:34:15.971094279Z"}
{"log":"  rootpath: '.',\n","stream":"stdout","time":"2024-04-17T11:34:15.97110388Z"}
{"log":"  link: 'S:/0300-0399/StO 0340 Trebbiner Str. 1-6/20246132 Inspektion',\n","stream":"stdout","time":"2024-04-17T11:34:15.97110618Z"}
{"log":"  filename: '__locally_added__1712728989000__locally_added__CAP3105118731985552892_jpg.maybe.jpg'\n","stream":"stdout","time":"2024-04-17T11:34:15.97110808Z"}
{"log":"}\n","stream":"stdout","time":"2024-04-17T11:34:15.97111038Z"}
{"log":"gettin file from  {\n","stream":"stdout","time":"2024-04-17T11:34:15.972665513Z"}
{"log":"  rootpath: '.',\n","stream":"stdout","time":"2024-04-17T11:34:15.972674613Z"}
{"log":"  link: 'S:/0300-0399/StO 0340 Trebbiner Str. 1-6/20246132 Inspektion',\n","stream":"stdout","time":"2024-04-17T11:34:15.972676613Z"}
{"log":"  filename: '__locally_added__1712732757000__locally_added__CAP2297934340617273971_jpg.maybe.jpg'\n","stream":"stdout","time":"2024-04-17T11:34:15.972678613Z"}
{"log":"}\n","stream":"stdout","time":"2024-04-17T11:34:15.972680813Z"}
{"log":"gettin file from  {\n","stream":"stdout","time":"2024-04-17T11:34:15.97301502Z"}
{"log":"  rootpath: '.',\n","stream":"stdout","time":"2024-04-17T11:34:15.973025221Z"}
{"log":"  link: 'S:/0100-0199/StO 0151 Fürstenwalder Damm 739 (BVG)/20246131 Inspektion',\n","stream":"stdout","time":"2024-04-17T11:34:15.973027721Z"}
{"log":"  filename: '__locally_added__1712812816000__locally_added__CAP2358133443436133463_jpg.maybe.jpg'\n","stream":"stdout","time":"2024-04-17T11:34:15.973035721Z"}
{"log":"}\n","stream":"stdout","time":"2024-04-17T11:34:15.973037921Z"}
{"log":"gettin file from  {\n","stream":"stdout","time":"2024-04-17T11:34:15.973330527Z"}
{"log":"  rootpath: '.',\n","stream":"stdout","time":"2024-04-17T11:34:15.973337227Z"}
{"log":"  link: 'S:/0700-0799/StO 0746 Wendenschloßstraße 138 (BVG)/20246138 Inspektion',\n","stream":"stdout","time":"2024-04-17T11:34:15.973339327Z"}
{"log":"  filename: '__locally_added__1712828504000__locally_added__CAP2690261889113368259_jpg.maybe.jpg'\n","stream":"stdout","time":"2024-04-17T11:34:15.973341527Z"}
{"log":"}\n","stream":"stdout","time":"2024-04-17T11:34:15.973343927Z"}
{"log":"gettin file from  {\n","stream":"stdout","time":"2024-04-17T11:34:15.973666934Z"}
{"log":"  rootpath: '.',\n","stream":"stdout","time":"2024-04-17T11:34:15.973673034Z"}
{"log":"  link: 'S:/0700-0799/StO 0746 Wendenschloßstraße 138 (BVG)/20246138 Inspektion',\n","stream":"stdout","time":"2024-04-17T11:34:15.973674934Z"}
{"log":"  filename: '__locally_added__1712824454000__locally_added__CAP4433061971032213838_jpg.maybe.jpg'\n","stream":"stdout","time":"2024-04-17T11:34:15.973676934Z"}
{"log":"}\n","stream":"stdout","time":"2024-04-17T11:34:15.973679334Z"}
{"log":"gettin file from  {\n","stream":"stdout","time":"2024-04-17T11:34:15.983168336Z"}
{"log":"  rootpath: '.',\n","stream":"stdout","time":"2024-04-17T11:34:15.983179537Z"}
{"log":"  link: 'S:/0100-0199/StO 0151 Fürstenwalder Damm 739 (BVG)/20246131 Inspektion',\n","stream":"stdout","time":"2024-04-17T11:34:15.983182637Z"}
{"log":"  filename: '__locally_added__1712812816000__locally_added__CAP113033181422273743_jpg.maybe.jpg'\n","stream":"stdout","time":"2024-04-17T11:34:15.983184937Z"}
{"log":"}\n","stream":"stdout","time":"2024-04-17T11:34:15.983187137Z"}
{"log":"gettin file from  {\n","stream":"stdout","time":"2024-04-17T11:34:15.983531744Z"}
{"log":"  rootpath: '.',\n","stream":"stdout","time":"2024-04-17T11:34:15.983538444Z"}
{"log":"  link: 'S:/1000-1099/StO 1008 Planstr Ost 6/20246140 Inspektion',\n","stream":"stdout","time":"2024-04-17T11:34:15.983540344Z"}
{"log":"  filename: '__locally_added__1712836437000__locally_added__CAP250798817584659424_jpg.maybe.jpg'\n","stream":"stdout","time":"2024-04-17T11:34:15.983542344Z"}
{"log":"}\n","stream":"stdout","time":"2024-04-17T11:34:15.983544344Z"}
{"log":"gettin file from  {\n","stream":"stdout","time":"2024-04-17T11:34:15.983871451Z"}
{"log":"  rootpath: '.',\n","stream":"stdout","time":"2024-04-17T11:34:15.983877252Z"}
{"log":"  link: 'S:/1000-1099/StO 1008 Planstr Ost 6/20246140 Inspektion',\n","stream":"stdout","time":"2024-04-17T11:34:15.983879352Z"}
{"log":"  filename: '__locally_added__1712831776000__locally_added__CAP4804784028660696042_jpg.maybe.jpg'\n","stream":"stdout","time":"2024-04-17T11:34:15.983881452Z"}
{"log":"}\n","stream":"stdout","time":"2024-04-17T11:34:15.983883752Z"}
{"log":"gettin file from  {\n","stream":"stdout","time":"2024-04-17T11:34:15.984214159Z"}
{"log":"  rootpath: '.',\n","stream":"stdout","time":"2024-04-17T11:34:15.984219859Z"}
{"log":"  link: 'S:/0700-0799/StO 0744 Blankenfelderstraße/20246137 Inspektion',\n","stream":"stdout","time":"2024-04-17T11:34:15.984221859Z"}
{"log":"  filename: '__locally_added__1712899236000__locally_added__CAP7065037220916914720_jpg.maybe.jpg'\n","stream":"stdout","time":"2024-04-17T11:34:15.984224059Z"}
{"log":"}\n","stream":"stdout","time":"2024-04-17T11:34:15.984226459Z"}
{"log":"gettin file from  {\n","stream":"stdout","time":"2024-04-17T11:34:15.984536666Z"}
{"log":"  rootpath: '.',\n","stream":"stdout","time":"2024-04-17T11:34:15.984542666Z"}
{"log":"  link: 'S:/0700-0799/StO 0744 Blankenfelderstraße/20246137 Inspektion',\n","stream":"stdout","time":"2024-04-17T11:34:15.984551866Z"}
{"log":"  filename: '__locally_added__1712903644000__locally_added__CAP3816152105459010629_jpg.maybe.jpg'\n","stream":"stdout","time":"2024-04-17T11:34:15.984554566Z"}
{"log":"}\n","stream":"stdout","time":"2024-04-17T11:34:15.984561966Z"}
{"log":"gettin file from  {\n","stream":"stdout","time":"2024-04-17T11:34:15.984872373Z"}
{"log":"  rootpath: '.',\n","stream":"stdout","time":"2024-04-17T11:34:15.984882573Z"}
{"log":"  link: 'S:/0700-0799/StO 0744 Blankenfelderstraße/20246137 Inspektion',\n","stream":"stdout","time":"2024-04-17T11:34:15.984885173Z"}
{"log":"  filename: '__locally_added__1712904163000__locally_added__CAP1495592124045008954_jpg.maybe.jpg'\n","stream":"stdout","time":"2024-04-17T11:34:15.984887373Z"}
{"log":"}\n","stream":"stdout","time":"2024-04-17T11:34:15.984889373Z"}
{"log":"gettin file from  {\n","stream":"stdout","time":"2024-04-17T11:34:15.98521488Z"}
{"log":"  rootpath: '.',\n","stream":"stdout","time":"2024-04-17T11:34:15.98522188Z"}
{"log":"  link: 'S:/0700-0799/StO 0744 Blankenfelderstraße/20246137 Inspektion',\n","stream":"stdout","time":"2024-04-17T11:34:15.98522418Z"}
{"log":"  filename: '__locally_added__1712903644000__locally_added__CAP1912074305847063655_jpg.maybe.jpg'\n","stream":"stdout","time":"2024-04-17T11:34:15.98522638Z"}
{"log":"}\n","stream":"stdout","time":"2024-04-17T11:34:15.98522878Z"}
{"log":"Params: Ki,2000,1910\n","stream":"stdout","time":"2024-04-17T11:34:23.944244055Z"}
{"log":"Params: KI,051290\n","stream":"stdout","time":"2024-04-17T11:34:37.80060364Z"}
{"log":"/api/secure/location/get: { user: { name: 'KI', pass: '--CENSORED--' } }\n","stream":"stdout","time":"2024-04-17T11:34:37.827687117Z"}
{"log":"Params: KI,051290\n","stream":"stdout","time":"2024-04-17T11:34:38.988975592Z"}
{"log":"Params: KI,051290\n","stream":"stdout","time":"2024-04-17T11:34:38.989480603Z"}
{"log":"Params: KI,051290\n","stream":"stdout","time":"2024-04-17T11:34:38.989909612Z"}
{"log":"Params: KI,051290\n","stream":"stdout","time":"2024-04-17T11:34:38.990248819Z"}
{"log":"Params: KI,051290\n","stream":"stdout","time":"2024-04-17T11:34:38.990582626Z"}
{"log":"Params: KI,051290\n","stream":"stdout","time":"2024-04-17T11:34:38.990863632Z"}
{"log":"Params: KI,051290\n","stream":"stdout","time":"2024-04-17T11:34:38.991174139Z"}
{"log":"Params: KI,051290\n","stream":"stdout","time":"2024-04-17T11:34:38.991449345Z"}
{"log":"Params: KI,051290\n","stream":"stdout","time":"2024-04-17T11:34:38.991764452Z"}
{"log":"Params: KI,051290\n","stream":"stdout","time":"2024-04-17T11:34:38.992037558Z"}
{"log":"Params: KI,051290\n","stream":"stdout","time":"2024-04-17T11:34:38.992562969Z"}
{"log":"Params: KI,051290\n","stream":"stdout","time":"2024-04-17T11:34:38.992741773Z"}
{"log":"Params: KI,051290\n","stream":"stdout","time":"2024-04-17T11:34:38.992885776Z"}
{"log":"Params: KI,051290\n","stream":"stdout","time":"2024-04-17T11:34:38.993035979Z"}
{"log":"Params: KI,051290\n","stream":"stdout","time":"2024-04-17T11:34:39.275037896Z"}
{"log":"Params: KI,051290\n","stream":"stdout","time":"2024-04-17T11:34:39.275594008Z"}
{"log":"Params: KI,051290\n","stream":"stdout","time":"2024-04-17T11:34:39.275946415Z"}
{"log":"Params: KI,051290\n","stream":"stdout","time":"2024-04-17T11:34:39.276204921Z"}
{"log":"Params: KI,051290\n","stream":"stdout","time":"2024-04-17T11:34:39.276460826Z"}
{"log":"Params: KI,051290\n","stream":"stdout","time":"2024-04-17T11:34:39.276716232Z"}
{"log":"Params: KI,051290\n","stream":"stdout","time":"2024-04-17T11:34:39.276951537Z"}
{"log":"Params: KI,051290\n","stream":"stdout","time":"2024-04-17T11:34:39.277184142Z"}
{"log":"Params: KI,051290\n","stream":"stdout","time":"2024-04-17T11:34:39.281535634Z"}
{"log":"Params: KI,051290\n","stream":"stdout","time":"2024-04-17T11:34:39.281765739Z"}
{"log":"Params: KI,051290\n","stream":"stdout","time":"2024-04-17T11:34:39.282332951Z"}
{"log":"Params: KI,051290\n","stream":"stdout","time":"2024-04-17T11:34:39.282507355Z"}
{"log":"Params: KI,051290\n","stream":"stdout","time":"2024-04-17T11:34:39.282644958Z"}
{"log":"Params: KI,051290\n","stream":"stdout","time":"2024-04-17T11:34:39.282792061Z"}
{"log":"Params: KI,051290\n","stream":"stdout","time":"2024-04-17T11:34:39.282945164Z"}
{"log":"Params: KI,051290\n","stream":"stdout","time":"2024-04-17T11:34:39.283090868Z"}
{"log":"Params: KI,051290\n","stream":"stdout","time":"2024-04-17T11:34:39.28322477Z"}
{"log":"Params: KI,051290\n","stream":"stdout","time":"2024-04-17T11:34:39.283353873Z"}
{"log":"Params: KI,051290\n","stream":"stdout","time":"2024-04-17T11:34:39.283487476Z"}
{"log":"Params: KI,051290\n","stream":"stdout","time":"2024-04-17T11:34:39.283625979Z"}
{"log":"Params: KI,051290\n","stream":"stdout","time":"2024-04-17T11:34:39.283754882Z"}
{"log":"Params: KI,051290\n","stream":"stdout","time":"2024-04-17T11:34:39.283886485Z"}
{"log":"Params: KI,051290\n","stream":"stdout","time":"2024-04-17T11:34:39.284019487Z"}
{"log":"Params: KI,051290\n","stream":"stdout","time":"2024-04-17T11:34:39.28415029Z"}
{"log":"Params: KI,051290\n","stream":"stdout","time":"2024-04-17T11:34:39.284280993Z"}
{"log":"Params: KI,051290\n","stream":"stdout","time":"2024-04-17T11:34:39.284409796Z"}
{"log":"Params: KI,051290\n","stream":"stdout","time":"2024-04-17T11:34:39.2846008Z"}
{"log":"Params: KI,051290\n","stream":"stdout","time":"2024-04-17T11:34:39.284961907Z"}
{"log":"Params: KI,051290\n","stream":"stdout","time":"2024-04-17T11:34:39.285105411Z"}
{"log":"Params: KI,051290\n","stream":"stdout","time":"2024-04-17T11:34:39.285241613Z"}
{"log":"Params: KI,051290\n","stream":"stdout","time":"2024-04-17T11:34:39.285376916Z"}
{"log":"Params: KI,051290\n","stream":"stdout","time":"2024-04-17T11:34:39.285505819Z"}
{"log":"Params: KI,051290\n","stream":"stdout","time":"2024-04-17T11:34:39.285700223Z"}
{"log":"Params: KI,051290\n","stream":"stdout","time":"2024-04-17T11:34:39.286123532Z"}
{"log":"Params: KI,051290\n","stream":"stdout","time":"2024-04-17T11:34:39.286264535Z"}
{"log":"Params: KI,051290\n","stream":"stdout","time":"2024-04-17T11:34:39.286401438Z"}
{"log":"Params: KI,051290\n","stream":"stdout","time":"2024-04-17T11:34:39.286532741Z"}
{"log":"Params: KI,051290\n","stream":"stdout","time":"2024-04-17T11:34:39.286664044Z"}
{"log":"Params: KI,051290\n","stream":"stdout","time":"2024-04-17T11:34:39.286833347Z"}
{"log":"Params: KI,051290\n","stream":"stdout","time":"2024-04-17T11:34:39.287542363Z"}
{"log":"Params: KI,051290\n","stream":"stdout","time":"2024-04-17T11:34:39.287716766Z"}
{"log":"Params: KI,051290\n","stream":"stdout","time":"2024-04-17T11:34:39.287953071Z"}
{"log":"Params: KI,051290\n","stream":"stdout","time":"2024-04-17T11:34:39.288091674Z"}
{"log":"Params: KI,051290\n","stream":"stdout","time":"2024-04-17T11:34:39.28837998Z"}
{"log":"Params: KI,051290\n","stream":"stdout","time":"2024-04-17T11:34:39.288540384Z"}
{"log":"Params: KI,051290\n","stream":"stdout","time":"2024-04-17T11:34:39.288728388Z"}
{"log":"Params: KI,051290\n","stream":"stdout","time":"2024-04-17T11:34:39.289174997Z"}
{"log":"Params: KI,051290\n","stream":"stdout","time":"2024-04-17T11:34:39.2893118Z"}
{"log":"Params: KI,051290\n","stream":"stdout","time":"2024-04-17T11:34:39.289444703Z"}
{"log":"Params: KI,051290\n","stream":"stdout","time":"2024-04-17T11:34:39.289575106Z"}
{"log":"Params: KI,051290\n","stream":"stdout","time":"2024-04-17T11:34:39.289708909Z"}
{"log":"Params: KI,051290\n","stream":"stdout","time":"2024-04-17T11:34:39.289838011Z"}
{"log":"Params: KI,051290\n","stream":"stdout","time":"2024-04-17T11:34:39.290014715Z"}
{"log":"Params: KI,051290\n","stream":"stdout","time":"2024-04-17T11:34:39.290190019Z"}
{"log":"Params: KI,051290\n","stream":"stdout","time":"2024-04-17T11:34:39.290575827Z"}
{"log":"Params: KI,051290\n","stream":"stdout","time":"2024-04-17T11:34:39.29071543Z"}
{"log":"Params: KI,051290\n","stream":"stdout","time":"2024-04-17T11:34:39.290870634Z"}
{"log":"Params: KI,051290\n","stream":"stdout","time":"2024-04-17T11:34:39.291003936Z"}
{"log":"Params: KI,051290\n","stream":"stdout","time":"2024-04-17T11:34:39.291134339Z"}
{"log":"Params: KI,051290\n","stream":"stdout","time":"2024-04-17T11:34:39.29161955Z"}
{"log":"Params: KI,051290\n","stream":"stdout","time":"2024-04-17T11:34:39.291764853Z"}
{"log":"Params: KI,051290\n","stream":"stdout","time":"2024-04-17T11:34:39.292087159Z"}
{"log":"Params: KI,051290\n","stream":"stdout","time":"2024-04-17T11:34:39.292259163Z"}
{"log":"Params: KI,051290\n","stream":"stdout","time":"2024-04-17T11:34:39.512496362Z"}
{"log":"Params: KI,051290\n","stream":"stdout","time":"2024-04-17T11:34:40.771428325Z"}
{"log":"Params: KI,051290\n","stream":"stdout","time":"2024-04-17T11:34:40.771884335Z"}
{"log":"Params: 20236538,1910\n","stream":"stdout","time":"2024-04-17T11:34:40.891060778Z"}
{"log":"QueryRes[object Object]\n","stream":"stdout","time":"2024-04-17T11:34:40.895714577Z"}
{"log":"QueryRes[object Object]\n","stream":"stdout","time":"2024-04-17T11:34:40.896543095Z"}
{"log":"Params: KI,051290\n","stream":"stdout","time":"2024-04-17T11:34:42.581937064Z"}
{"log":"gettin file from  {\n","stream":"stdout","time":"2024-04-17T11:34:42.582672379Z"}
{"log":"  rootpath: '.',\n","stream":"stdout","time":"2024-04-17T11:34:42.58268838Z"}
{"log":"  link: 'S:/0500-0599/StO 0530 Kochstraße 22 Neubau/20236554 Inspektion',\n","stream":"stdout","time":"2024-04-17T11:34:42.58269148Z"}
{"log":"  filename: '__locally_added__1712656210000__locally_added__CAP3738143291214736179_jpg.maybe.jpg'\n","stream":"stdout","time":"2024-04-17T11:34:42.58270038Z"}
{"log":"}\n","stream":"stdout","time":"2024-04-17T11:34:42.58270258Z"}
{"log":"gettin file from  {\n","stream":"stdout","time":"2024-04-17T11:34:42.583323393Z"}
{"log":"  rootpath: '.',\n","stream":"stdout","time":"2024-04-17T11:34:42.583336293Z"}
{"log":"  link: 'S:/0500-0599/StO 0545 Potsdamer Platz - debis/20236550 Inspektion',\n","stream":"stdout","time":"2024-04-17T11:34:42.583355894Z"}
{"log":"  filename: '__locally_added__1712641960000__locally_added__CAP8385313163374859010_jpg.maybe.jpg'\n","stream":"stdout","time":"2024-04-17T11:34:42.583362694Z"}
{"log":"}\n","stream":"stdout","time":"2024-04-17T11:34:42.583378994Z"}
{"log":"gettin file from  {\n","stream":"stdout","time":"2024-04-17T11:34:42.583762402Z"}
{"log":"  rootpath: '.',\n","stream":"stdout","time":"2024-04-17T11:34:42.583775603Z"}
{"log":"  link: 'S:/15200-15299/StO 15216 FF Friedrichshagen Müggelseedamm 178/20236546 Inspektion',\n","stream":"stdout","time":"2024-04-17T11:34:42.583799203Z"}
{"log":"  filename: '__locally_added__1712568216000__locally_added__CAP3103953399810637800_jpg.maybe.jpg'\n","stream":"stdout","time":"2024-04-17T11:34:42.583806103Z"}
{"log":"}\n","stream":"stdout","time":"2024-04-17T11:34:42.583831104Z"}
{"log":"gettin file from  {\n","stream":"stdout","time":"2024-04-17T11:34:42.584232013Z"}
{"log":"  rootpath: '.',\n","stream":"stdout","time":"2024-04-17T11:34:42.584246813Z"}
{"log":"  link: 'S:/1000-1099/StO 1051 Europacenter/20236551 Inspektion',\n","stream":"stdout","time":"2024-04-17T11:34:42.584271913Z"}
{"log":"  filename: '__locally_added__1712661802000__locally_added__CAP1280621469532518396_jpg.maybe.jpg'\n","stream":"stdout","time":"2024-04-17T11:34:42.584278614Z"}
{"log":"}\n","stream":"stdout","time":"2024-04-17T11:34:42.584294114Z"}
{"log":"gettin file from  {\n","stream":"stdout","time":"2024-04-17T11:34:42.584544919Z"}
{"log":"  rootpath: '.',\n","stream":"stdout","time":"2024-04-17T11:34:42.584557319Z"}
{"log":"  link: 'S:/0800-0899/StO 0820 FW Hellersdorf  Kummerower Ring 80/20236548 Inspektion',\n","stream":"stdout","time":"2024-04-17T11:34:42.58457702Z"}
{"log":"  filename: '__locally_added__1712557210000__locally_added__CAP5514209328180520151_jpg.maybe.jpg'\n","stream":"stdout","time":"2024-04-17T11:34:42.58458382Z"}
{"log":"}\n","stream":"stdout","time":"2024-04-17T11:34:42.584606821Z"}
{"log":"gettin file from  {\n","stream":"stdout","time":"2024-04-17T11:34:42.584932627Z"}
{"log":"  rootpath: '.',\n","stream":"stdout","time":"2024-04-17T11:34:42.584945828Z"}
{"log":"  link: 'S:/1300-1399/StO 1384 FW Treptow/20236545 Inspektion',\n","stream":"stdout","time":"2024-04-17T11:34:42.584970528Z"}
{"log":"  filename: '__locally_added__1712576196000__locally_added__CAP8322865403342137394_jpg.maybe.jpg'\n","stream":"stdout","time":"2024-04-17T11:34:42.584977328Z"}
{"log":"}\n","stream":"stdout","time":"2024-04-17T11:34:42.584996829Z"}
{"log":"gettin file from  {\n","stream":"stdout","time":"2024-04-17T11:34:42.586556562Z"}
{"log":"  rootpath: '.',\n","stream":"stdout","time":"2024-04-17T11:34:42.586575563Z"}
{"log":"  link: 'S:/1000-1099/StO 1051 Europacenter/20236551 Inspektion',\n","stream":"stdout","time":"2024-04-17T11:34:42.586600963Z"}
{"log":"  filename: '__locally_added__1712663745000__locally_added__CAP98149675967372459_jpg.maybe.jpg'\n","stream":"stdout","time":"2024-04-17T11:34:42.586607863Z"}
{"log":"}\n","stream":"stdout","time":"2024-04-17T11:34:42.586630864Z"}
{"log":"gettin file from  {\n","stream":"stdout","time":"2024-04-17T11:34:42.586856769Z"}
{"log":"  rootpath: '.',\n","stream":"stdout","time":"2024-04-17T11:34:42.586868469Z"}
{"log":"  link: 'S:/0500-0599/StO 0545 Potsdamer Platz - debis/20236550 Inspektion',\n","stream":"stdout","time":"2024-04-17T11:34:42.586891269Z"}
{"log":"  filename: '__locally_added__1712642058000__locally_added__CAP3373348435886993769_jpg.maybe.jpg'\n","stream":"stdout","time":"2024-04-17T11:34:42.586898169Z"}
{"log":"}\n","stream":"stdout","time":"2024-04-17T11:34:42.58691377Z"}
{"log":"gettin file from  {\n","stream":"stdout","time":"2024-04-17T11:34:42.587601984Z"}
{"log":"  rootpath: '.',\n","stream":"stdout","time":"2024-04-17T11:34:42.587616785Z"}
{"log":"  link: 'S:/1300-1399/StO 1384 FW Treptow/20236545 Inspektion',\n","stream":"stdout","time":"2024-04-17T11:34:42.587644985Z"}
{"log":"  filename: '__locally_added__1712576216000__locally_added__CAP8532246224259868174_jpg.maybe.jpg'\n","stream":"stdout","time":"2024-04-17T11:34:42.587652086Z"}
{"log":"}\n","stream":"stdout","time":"2024-04-17T11:34:42.587669186Z"}
{"log":"gettin file from  {\n","stream":"stdout","time":"2024-04-17T11:34:42.593151703Z"}
{"log":"  rootpath: '.',\n","stream":"stdout","time":"2024-04-17T11:34:42.593171103Z"}
{"log":"  link: 'S:/1300-1399/StO 1384 FW Treptow/20236545 Inspektion',\n","stream":"stdout","time":"2024-04-17T11:34:42.593198204Z"}
{"log":"  filename: '__locally_added__1712571708000__locally_added__CAP8491545604575391848_jpg.maybe.jpg'\n","stream":"stdout","time":"2024-04-17T11:34:42.593205604Z"}
{"log":"}\n","stream":"stdout","time":"2024-04-17T11:34:42.593226604Z"}
{"log":"gettin file from  {\n","stream":"stdout","time":"2024-04-17T11:34:42.593671614Z"}
{"log":"  rootpath: '.',\n","stream":"stdout","time":"2024-04-17T11:34:42.593681814Z"}
{"log":"  link: 'S:/1300-1399/StO 1384 FW Treptow/20236545 Inspektion',\n","stream":"stdout","time":"2024-04-17T11:34:42.593699015Z"}
{"log":"  filename: '__locally_added__1712575188000__locally_added__CAP4290352339201223824_jpg.maybe.jpg'\n","stream":"stdout","time":"2024-04-17T11:34:42.593705515Z"}
{"log":"}\n","stream":"stdout","time":"2024-04-17T11:34:42.593724715Z"}
{"log":"gettin file from  {\n","stream":"stdout","time":"2024-04-17T11:34:42.594006721Z"}
{"log":"  rootpath: '.',\n","stream":"stdout","time":"2024-04-17T11:34:42.594019421Z"}
{"log":"  link: 'S:/1000-1099/StO 1051 Europacenter/20236551 Inspektion',\n","stream":"stdout","time":"2024-04-17T11:34:42.594040122Z"}
{"log":"  filename: '__locally_added__1712663171000__locally_added__CAP60549750302520042_jpg.maybe.jpg'\n","stream":"stdout","time":"2024-04-17T11:34:42.594046922Z"}
{"log":"}\n","stream":"stdout","time":"2024-04-17T11:34:42.594062122Z"}
{"log":"gettin file from  {\n","stream":"stdout","time":"2024-04-17T11:34:42.594278127Z"}
{"log":"  rootpath: '.',\n","stream":"stdout","time":"2024-04-17T11:34:42.594287727Z"}
{"log":"  link: 'S:/15200-15299/StO 15216 FF Friedrichshagen Müggelseedamm 178/20236546 Inspektion',\n","stream":"stdout","time":"2024-04-17T11:34:42.594307428Z"}
{"log":"  filename: '__locally_added__1712565732000__locally_added__CAP8662737854731086358_jpg.maybe.jpg'\n","stream":"stdout","time":"2024-04-17T11:34:42.594314428Z"}
{"log":"}\n","stream":"stdout","time":"2024-04-17T11:34:42.594331028Z"}
{"log":"gettin file from  {\n","stream":"stdout","time":"2024-04-17T11:34:42.594542433Z"}
{"log":"  rootpath: '.',\n","stream":"stdout","time":"2024-04-17T11:34:42.594551833Z"}
{"log":"  link: 'S:/15200-15299/StO 15216 FF Friedrichshagen Müggelseedamm 178/20236546 Inspektion',\n","stream":"stdout","time":"2024-04-17T11:34:42.594577833Z"}
{"log":"  filename: '__locally_added__1712568277000__locally_added__CAP8377739940090641223_jpg.maybe.jpg'\n","stream":"stdout","time":"2024-04-17T11:34:42.594584833Z"}
{"log":"}\n","stream":"stdout","time":"2024-04-17T11:34:42.594599934Z"}
{"log":"gettin file from  {\n","stream":"stdout","time":"2024-04-17T11:34:42.59534055Z"}
{"log":"  rootpath: '.',\n","stream":"stdout","time":"2024-04-17T11:34:42.59535095Z"}
{"log":"  link: 'S:/0100-0199/StO 0151 Fürstenwalder Damm 739 (BVG)/20246131 Inspektion',\n","stream":"stdout","time":"2024-04-17T11:34:42.59536915Z"}
{"log":"  filename: '__locally_added__1712812816000__locally_added__CAP103100374699219531_jpg.maybe.jpg'\n","stream":"stdout","time":"2024-04-17T11:34:42.59537565Z"}
{"log":"}\n","stream":"stdout","time":"2024-04-17T11:34:42.595396751Z"}
{"log":"gettin file from  {\n","stream":"stdout","time":"2024-04-17T11:34:42.595943762Z"}
{"log":"  rootpath: '.',\n","stream":"stdout","time":"2024-04-17T11:34:42.595957263Z"}
{"log":"  link: 'S:/0100-0199/StO 0151 Fürstenwalder Damm 739 (BVG)/20246131 Inspektion',\n","stream":"stdout","time":"2024-04-17T11:34:42.595979863Z"}
{"log":"  filename: '__locally_added__1712812816000__locally_added__CAP113033181422273743_jpg.maybe.jpg'\n","stream":"stdout","time":"2024-04-17T11:34:42.595986863Z"}
{"log":"}\n","stream":"stdout","time":"2024-04-17T11:34:42.596005964Z"}
{"log":"gettin file from  {\n","stream":"stdout","time":"2024-04-17T11:34:42.596256269Z"}
{"log":"  rootpath: '.',\n","stream":"stdout","time":"2024-04-17T11:34:42.596265869Z"}
{"log":"  link: 'S:/0300-0399/StO 0340 Trebbiner Str. 1-6/20246132 Inspektion',\n","stream":"stdout","time":"2024-04-17T11:34:42.59628307Z"}
{"log":"  filename: '__locally_added__1712728989000__locally_added__CAP4790383891722316242_jpg.maybe.jpg'\n","stream":"stdout","time":"2024-04-17T11:34:42.59628967Z"}
{"log":"}\n","stream":"stdout","time":"2024-04-17T11:34:42.59630657Z"}
{"log":"gettin file from  {\n","stream":"stdout","time":"2024-04-17T11:34:42.596951384Z"}
{"log":"  rootpath: '.',\n","stream":"stdout","time":"2024-04-17T11:34:42.596966484Z"}
{"log":"  link: 'S:/0300-0399/StO 0340 Trebbiner Str. 1-6/20246132 Inspektion',\n","stream":"stdout","time":"2024-04-17T11:34:42.596993785Z"}
{"log":"  filename: '__locally_added__1712732708000__locally_added__CAP4744318609350480411_jpg.maybe.jpg'\n","stream":"stdout","time":"2024-04-17T11:34:42.597000985Z"}
{"log":"}\n","stream":"stdout","time":"2024-04-17T11:34:42.597023786Z"}
{"log":"gettin file from  {\n","stream":"stdout","time":"2024-04-17T11:34:42.597507796Z"}
{"log":"  rootpath: '.',\n","stream":"stdout","time":"2024-04-17T11:34:42.597523096Z"}
{"log":"  link: 'S:/0700-0799/StO 0728 Wilskistr 79/20246135 Inspektion',\n","stream":"stdout","time":"2024-04-17T11:34:42.597546697Z"}
{"log":"  filename: '__locally_added__1712747730000__locally_added__CAP3582316046411754466_jpg.maybe.jpg'\n","stream":"stdout","time":"2024-04-17T11:34:42.597553397Z"}
{"log":"}\n","stream":"stdout","time":"2024-04-17T11:34:42.597571097Z"}
{"log":"gettin file from  {\n","stream":"stdout","time":"2024-04-17T11:34:42.597855703Z"}
{"log":"  rootpath: '.',\n","stream":"stdout","time":"2024-04-17T11:34:42.597867304Z"}
{"log":"  link: 'S:/1300-1399/StO 1384 FW Treptow/20236545 Inspektion',\n","stream":"stdout","time":"2024-04-17T11:34:42.597886004Z"}
{"log":"  filename: '__locally_added__1712581357000__locally_added__CAP4759294928308025927_jpg.maybe.jpg'\n","stream":"stdout","time":"2024-04-17T11:34:42.597892404Z"}
{"log":"}\n","stream":"stdout","time":"2024-04-17T11:34:42.597912004Z"}
{"log":"gettin file from  {\n","stream":"stdout","time":"2024-04-17T11:34:42.598734222Z"}
{"log":"  rootpath: '.',\n","stream":"stdout","time":"2024-04-17T11:34:42.598749922Z"}
{"log":"  link: 'S:/1300-1399/StO 1384 FW Treptow/20236545 Inspektion',\n","stream":"stdout","time":"2024-04-17T11:34:42.598770923Z"}
{"log":"  filename: '__locally_added__1712581296000__locally_added__CAP3712257603938949493_jpg.maybe.jpg'\n","stream":"stdout","time":"2024-04-17T11:34:42.598787023Z"}
{"log":"}\n","stream":"stdout","time":"2024-04-17T11:34:42.598817724Z"}
{"log":"gettin file from  {\n","stream":"stdout","time":"2024-04-17T11:34:42.605403764Z"}
{"log":"  rootpath: '.',\n","stream":"stdout","time":"2024-04-17T11:34:42.605424065Z"}
{"log":"  link: 'S:/0300-0399/StO 0340 Trebbiner Str. 1-6/20246132 Inspektion',\n","stream":"stdout","time":"2024-04-17T11:34:42.605451065Z"}
{"log":"  filename: '__locally_added__1712726473000__locally_added__CAP5263399794371227760_jpg.maybe.jpg'\n","stream":"stdout","time":"2024-04-17T11:34:42.605458266Z"}
{"log":"}\n","stream":"stdout","time":"2024-04-17T11:34:42.605474866Z"}
{"log":"gettin file from  {\n","stream":"stdout","time":"2024-04-17T11:34:42.605484066Z"}
{"log":"  rootpath: '.',\n","stream":"stdout","time":"2024-04-17T11:34:42.605500966Z"}
{"log":"  link: 'S:/0100-0199/StO 0151 Fürstenwalder Damm 739 (BVG)/20246131 Inspektion',\n","stream":"stdout","time":"2024-04-17T11:34:42.605507267Z"}
{"log":"  filename: '__locally_added__1712815394000__locally_added__CAP6810927790213154584_jpg.maybe.jpg'\n","stream":"stdout","time":"2024-04-17T11:34:42.605524167Z"}
{"log":"}\n","stream":"stdout","time":"2024-04-17T11:34:42.605530767Z"}
{"log":"gettin file from  {\n","stream":"stdout","time":"2024-04-17T11:34:42.605547667Z"}
{"log":"  rootpath: '.',\n","stream":"stdout","time":"2024-04-17T11:34:42.605553968Z"}
{"log":"  link: 'S:/0100-0199/StO 0151 Fürstenwalder Damm 739 (BVG)/20246131 Inspektion',\n","stream":"stdout","time":"2024-04-17T11:34:42.605568768Z"}
{"log":"  filename: '__locally_added__1712812816000__locally_added__CAP2358133443436133463_jpg.maybe.jpg'\n","stream":"stdout","time":"2024-04-17T11:34:42.605575068Z"}
{"log":"}\n","stream":"stdout","time":"2024-04-17T11:34:42.605590668Z"}
{"log":"gettin file from  {\n","stream":"stdout","time":"2024-04-17T11:34:42.605596668Z"}
{"log":"  rootpath: '.',\n","stream":"stdout","time":"2024-04-17T11:34:42.605613469Z"}
{"log":"  link: 'S:/4300-4399/StO 4322 Machandelweg 24 BVG Ausbildungsstätte/20246134 Inspektion',\n","stream":"stdout","time":"2024-04-17T11:34:42.605619669Z"}
{"log":"  filename: '__locally_added__1712739922000__locally_added__CAP6856528333164584490_jpg.maybe.jpg'\n","stream":"stdout","time":"2024-04-17T11:34:42.605633669Z"}
{"log":"}\n","stream":"stdout","time":"2024-04-17T11:34:42.605639869Z"}
{"log":"gettin file from  {\n","stream":"stdout","time":"2024-04-17T11:34:42.60565467Z"}
{"log":"  rootpath: '.',\n","stream":"stdout","time":"2024-04-17T11:34:42.60566217Z"}
{"log":"  link: 'S:/4300-4399/StO 4322 Machandelweg 24 BVG Ausbildungsstätte/20246134 Inspektion',\n","stream":"stdout","time":"2024-04-17T11:34:42.60567577Z"}
{"log":"  filename: '__locally_added__1712741955000__locally_added__CAP5921883136952155866_jpg.maybe.jpg'\n","stream":"stdout","time":"2024-04-17T11:34:42.60568187Z"}
{"log":"}\n","stream":"stdout","time":"2024-04-17T11:34:42.605699571Z"}
{"log":"gettin file from  {\n","stream":"stdout","time":"2024-04-17T11:34:42.605705671Z"}
{"log":"  rootpath: '.',\n","stream":"stdout","time":"2024-04-17T11:34:42.605724071Z"}
{"log":"  link: 'S:/0700-0799/StO 0728 Wilskistr 79/20246135 Inspektion',\n","stream":"stdout","time":"2024-04-17T11:34:42.605730271Z"}
{"log":"  filename: '__locally_added__1712749644000__locally_added__CAP8719142056867650231_jpg.maybe.jpg'\n","stream":"stdout","time":"2024-04-17T11:34:42.605744172Z"}
{"log":"}\n","stream":"stdout","time":"2024-04-17T11:34:42.605750172Z"}
{"log":"gettin file from  {\n","stream":"stdout","time":"2024-04-17T11:34:42.605801173Z"}
{"log":"  rootpath: '.',\n","stream":"stdout","time":"2024-04-17T11:34:42.605809773Z"}
{"log":"  link: 'S:/0700-0799/StO 0728 Wilskistr 79/20246135 Inspektion',\n","stream":"stdout","time":"2024-04-17T11:34:42.605828573Z"}
{"log":"  filename: '__locally_added__1712752037000__locally_added__CAP7592590017664497642_jpg.maybe.jpg'\n","stream":"stdout","time":"2024-04-17T11:34:42.605836374Z"}
{"log":"}\n","stream":"stdout","time":"2024-04-17T11:34:42.605862074Z"}
{"log":"gettin file from  {\n","stream":"stdout","time":"2024-04-17T11:34:42.605869574Z"}
{"log":"  rootpath: '.',\n","stream":"stdout","time":"2024-04-17T11:34:42.605889875Z"}
{"log":"  link: 'S:/0700-0799/StO 0732 Schulstraße 5-6/20246136 Inspektion',\n","stream":"stdout","time":"2024-04-17T11:34:42.605897375Z"}
{"log":"  filename: '__locally_added__1712912634000__locally_added__CAP4923727982044660296_jpg.maybe.jpg'\n","stream":"stdout","time":"2024-04-17T11:34:42.605915575Z"}
{"log":"}\n","stream":"stdout","time":"2024-04-17T11:34:42.605922975Z"}
{"log":"gettin file from  {\n","stream":"stdout","time":"2024-04-17T11:34:42.605943476Z"}
{"log":"  rootpath: '.',\n","stream":"stdout","time":"2024-04-17T11:34:42.605951076Z"}
{"log":"  link: 'S:/0700-0799/StO 0728 Wilskistr 79/20246135 Inspektion',\n","stream":"stdout","time":"2024-04-17T11:34:42.605966876Z"}
{"log":"  filename: '__locally_added__1712752448000__locally_added__CAP6586700495119286435_jpg.maybe.jpg'\n","stream":"stdout","time":"2024-04-17T11:34:42.605974177Z"}
{"log":"}\n","stream":"stdout","time":"2024-04-17T11:34:42.605997677Z"}
{"log":"gettin file from  {\n","stream":"stdout","time":"2024-04-17T11:34:42.606004577Z"}
{"log":"  rootpath: '.',\n","stream":"stdout","time":"2024-04-17T11:34:42.606022578Z"}
{"log":"  link: 'S:/1300-1399/StO 1384 FW Treptow/20236545 Inspektion',\n","stream":"stdout","time":"2024-04-17T11:34:42.606029678Z"}
{"log":"  filename: '__locally_added__1712580413000__locally_added__CAP8710999620802019242_jpg.maybe.jpg'\n","stream":"stdout","time":"2024-04-17T11:34:42.606045378Z"}
{"log":"}\n","stream":"stdout","time":"2024-04-17T11:34:42.606051678Z"}
{"log":"gettin file from  {\n","stream":"stdout","time":"2024-04-17T11:34:42.60658159Z"}
{"log":"  rootpath: '.',\n","stream":"stdout","time":"2024-04-17T11:34:42.60659579Z"}
{"log":"  link: 'S:/0700-0799/StO 0728 Wilskistr 79/20246135 Inspektion',\n","stream":"stdout","time":"2024-04-17T11:34:42.60661669Z"}
{"log":"  filename: '__locally_added__1712747730000__locally_added__CAP4103133505870385399_jpg.maybe.jpg'\n","stream":"stdout","time":"2024-04-17T11:34:42.60662399Z"}
{"log":"}\n","stream":"stdout","time":"2024-04-17T11:34:42.606641791Z"}
{"log":"gettin file from  {\n","stream":"stdout","time":"2024-04-17T11:34:42.606904596Z"}
{"log":"  rootpath: '.',\n","stream":"stdout","time":"2024-04-17T11:34:42.606917697Z"}
{"log":"  link: 'S:/0700-0799/StO 0744 Blankenfelderstraße/20246137 Inspektion',\n","stream":"stdout","time":"2024-04-17T11:34:42.606943297Z"}
{"log":"  filename: '__locally_added__1712899218000__locally_added__CAP2765220902749665560_jpg.maybe.jpg'\n","stream":"stdout","time":"2024-04-17T11:34:42.606950197Z"}
{"log":"}\n","stream":"stdout","time":"2024-04-17T11:34:42.606965298Z"}
{"log":"gettin file from  {\n","stream":"stdout","time":"2024-04-17T11:34:42.607180602Z"}
{"log":"  rootpath: '.',\n","stream":"stdout","time":"2024-04-17T11:34:42.607192003Z"}
{"log":"  link: 'S:/0700-0799/StO 0732 Schulstraße 5-6/20246136 Inspektion',\n","stream":"stdout","time":"2024-04-17T11:34:42.607215003Z"}
{"log":"  filename: '__locally_added__1712911728000__locally_added__CAP9133179826755166423_jpg.maybe.jpg'\n","stream":"stdout","time":"2024-04-17T11:34:42.607221703Z"}
{"log":"}\n","stream":"stdout","time":"2024-04-17T11:34:42.607240404Z"}
{"log":"gettin file from  {\n","stream":"stdout","time":"2024-04-17T11:34:42.607733514Z"}
{"log":"  rootpath: '.',\n","stream":"stdout","time":"2024-04-17T11:34:42.607757315Z"}
{"log":"  link: 'S:/0700-0799/StO 0746 Wendenschloßstraße 138 (BVG)/20246138 Inspektion',\n","stream":"stdout","time":"2024-04-17T11:34:42.607784615Z"}
{"log":"  filename: '__locally_added__1712824454000__locally_added__CAP2283366988021650414_jpg.maybe.jpg'\n","stream":"stdout","time":"2024-04-17T11:34:42.607791715Z"}
{"log":"}\n","stream":"stdout","time":"2024-04-17T11:34:42.607836916Z"}
{"log":"gettin file from  {\n","stream":"stdout","time":"2024-04-17T11:34:42.608183324Z"}
{"log":"  rootpath: '.',\n","stream":"stdout","time":"2024-04-17T11:34:42.608196724Z"}
{"log":"  link: 'S:/0700-0799/StO 0732 Schulstraße 5-6/20246136 Inspektion',\n","stream":"stdout","time":"2024-04-17T11:34:42.608199024Z"}
{"log":"  filename: '__locally_added__1712909366000__locally_added__CAP5326246770755728153_jpg.maybe.jpg'\n","stream":"stdout","time":"2024-04-17T11:34:42.608201024Z"}
{"log":"}\n","stream":"stdout","time":"2024-04-17T11:34:42.608202924Z"}
{"log":"gettin file from  {\n","stream":"stdout","time":"2024-04-17T11:34:42.609033342Z"}
{"log":"  rootpath: '.',\n","stream":"stdout","time":"2024-04-17T11:34:42.609043742Z"}
{"log":"  link: 'S:/0700-0799/StO 0732 Schulstraße 5-6/20246136 Inspektion',\n","stream":"stdout","time":"2024-04-17T11:34:42.609046142Z"}
{"log":"  filename: '__locally_added__1712909366000__locally_added__CAP5167023692791156167_jpg.maybe.jpg'\n","stream":"stdout","time":"2024-04-17T11:34:42.609048342Z"}
{"log":"}\n","stream":"stdout","time":"2024-04-17T11:34:42.609050342Z"}
{"log":"gettin file from  {\n","stream":"stdout","time":"2024-04-17T11:34:42.609475351Z"}
{"log":"  rootpath: '.',\n","stream":"stdout","time":"2024-04-17T11:34:42.609482751Z"}
{"log":"  link: 'S:/0700-0799/StO 0746 Wendenschloßstraße 138 (BVG)/20246138 Inspektion',\n","stream":"stdout","time":"2024-04-17T11:34:42.609485451Z"}
{"log":"  filename: '__locally_added__1712827453000__locally_added__CAP7511746370002947515_jpg.maybe.jpg'\n","stream":"stdout","time":"2024-04-17T11:34:42.609487552Z"}
{"log":"}\n","stream":"stdout","time":"2024-04-17T11:34:42.609489552Z"}
{"log":"gettin file from  {\n","stream":"stdout","time":"2024-04-17T11:34:42.610747578Z"}
{"log":"  rootpath: '.',\n","stream":"stdout","time":"2024-04-17T11:34:42.610763679Z"}
{"log":"  link: 'S:/1000-1099/StO 1008 Planstr Ost 6/20246140 Inspektion',\n","stream":"stdout","time":"2024-04-17T11:34:42.610766579Z"}
{"log":"  filename: '__locally_added__1712836232000__locally_added__CAP4662023584804337818_jpg.maybe.jpg'\n","stream":"stdout","time":"2024-04-17T11:34:42.610768879Z"}
{"log":"}\n","stream":"stdout","time":"2024-04-17T11:34:42.610771579Z"}
{"log":"gettin file from  {\n","stream":"stdout","time":"2024-04-17T11:34:42.612798222Z"}
{"log":"  rootpath: '.',\n","stream":"stdout","time":"2024-04-17T11:34:42.612807722Z"}
{"log":"  link: 'S:/0700-0799/StO 0746 Wendenschloßstraße 138 (BVG)/20246138 Inspektion',\n","stream":"stdout","time":"2024-04-17T11:34:42.612810122Z"}
{"log":"  filename: '__locally_added__1712824381000__locally_added__CAP8428117981706564139_jpg.maybe.jpg'\n","stream":"stdout","time":"2024-04-17T11:34:42.612812323Z"}
{"log":"}\n","stream":"stdout","time":"2024-04-17T11:34:42.612814223Z"}
{"log":"gettin file from  {\n","stream":"stdout","time":"2024-04-17T11:34:42.613676041Z"}
{"log":"  rootpath: '.',\n","stream":"stdout","time":"2024-04-17T11:34:42.613684841Z"}
{"log":"  link: 'S:/0700-0799/StO 0744 Blankenfelderstraße/20246137 Inspektion',\n","stream":"stdout","time":"2024-04-17T11:34:42.613687041Z"}
{"log":"  filename: '__locally_added__1712903644000__locally_added__CAP3816152105459010629_jpg.maybe.jpg'\n","stream":"stdout","time":"2024-04-17T11:34:42.613689041Z"}
{"log":"}\n","stream":"stdout","time":"2024-04-17T11:34:42.613691141Z"}
{"log":"gettin file from  {\n","stream":"stdout","time":"2024-04-17T11:34:42.614620861Z"}
{"log":"  rootpath: '.',\n","stream":"stdout","time":"2024-04-17T11:34:42.614625261Z"}
{"log":"  link: 'S:/0500-0599/StO 0545 Potsdamer Platz - debis/20236550 Inspektion',\n","stream":"stdout","time":"2024-04-17T11:34:42.614627261Z"}
{"log":"  filename: '__locally_added__1712641960000__locally_added__CAP9014899963328317786_jpg.maybe.jpg'\n","stream":"stdout","time":"2024-04-17T11:34:42.614629261Z"}
{"log":"}\n","stream":"stdout","time":"2024-04-17T11:34:42.614631161Z"}
{"log":"gettin file from  {\n","stream":"stdout","time":"2024-04-17T11:34:42.616081692Z"}
{"log":"  rootpath: '.',\n","stream":"stdout","time":"2024-04-17T11:34:42.616086892Z"}
{"log":"  link: 'S:/15200-15299/StO 15216 FF Friedrichshagen Müggelseedamm 178/20236546 Inspektion',\n","stream":"stdout","time":"2024-04-17T11:34:42.616088992Z"}
{"log":"  filename: '__locally_added__1712565732000__locally_added__CAP1846879038905944387_jpg.maybe.jpg'\n","stream":"stdout","time":"2024-04-17T11:34:42.616096693Z"}
{"log":"}\n","stream":"stdout","time":"2024-04-17T11:34:42.616098793Z"}
{"log":"gettin file from  {\n","stream":"stdout","time":"2024-04-17T11:34:42.616678005Z"}
{"log":"  rootpath: '.',\n","stream":"stdout","time":"2024-04-17T11:34:42.616682605Z"}
{"log":"  link: 'S:/0700-0799/StO 0728 Wilskistr 79/20246135 Inspektion',\n","stream":"stdout","time":"2024-04-17T11:34:42.616684705Z"}
{"log":"  filename: '__locally_added__1712749273000__locally_added__CAP1186230195131803820_jpg.maybe.jpg'\n","stream":"stdout","time":"2024-04-17T11:34:42.616686605Z"}
{"log":"}\n","stream":"stdout","time":"2024-04-17T11:34:42.616688505Z"}
{"log":"gettin file from  {\n","stream":"stdout","time":"2024-04-17T11:34:42.617447021Z"}
{"log":"  rootpath: '.',\n","stream":"stdout","time":"2024-04-17T11:34:42.617451722Z"}
{"log":"  link: 'S:/0100-0199/StO 0151 Fürstenwalder Damm 739 (BVG)/20246131 Inspektion',\n","stream":"stdout","time":"2024-04-17T11:34:42.617453722Z"}
{"log":"  filename: '__locally_added__1712820714000__locally_added__CAP1893738360810955730_jpg.maybe.jpg'\n","stream":"stdout","time":"2024-04-17T11:34:42.617455822Z"}
{"log":"}\n","stream":"stdout","time":"2024-04-17T11:34:42.617457722Z"}
{"log":"gettin file from  {\n","stream":"stdout","time":"2024-04-17T11:34:42.620024576Z"}
{"log":"  rootpath: '.',\n","stream":"stdout","time":"2024-04-17T11:34:42.620029677Z"}
{"log":"  link: 'S:/0500-0599/StO 0530 Kochstraße 22 Neubau/20236554 Inspektion',\n","stream":"stdout","time":"2024-04-17T11:34:42.620031677Z"}
{"log":"  filename: '__locally_added__1712655011000__locally_added__CAP8569117866631597257_jpg.maybe.jpg'\n","stream":"stdout","time":"2024-04-17T11:34:42.620033677Z"}
{"log":"}\n","stream":"stdout","time":"2024-04-17T11:34:42.620035577Z"}
{"log":"gettin file from  {\n","stream":"stdout","time":"2024-04-17T11:34:42.620436485Z"}
{"log":"  rootpath: '.',\n","stream":"stdout","time":"2024-04-17T11:34:42.620441085Z"}
{"log":"  link: 'S:/15200-15299/StO 15216 FF Friedrichshagen Müggelseedamm 178/20236546 Inspektion',\n","stream":"stdout","time":"2024-04-17T11:34:42.620443185Z"}
{"log":"  filename: '__locally_added__1712563750000__locally_added__CAP1471469899382184266_jpg.maybe.jpg'\n","stream":"stdout","time":"2024-04-17T11:34:42.620445185Z"}
{"log":"}\n","stream":"stdout","time":"2024-04-17T11:34:42.620447085Z"}
{"log":"gettin file from  {\n","stream":"stdout","time":"2024-04-17T11:34:42.621062499Z"}
{"log":"  rootpath: '.',\n","stream":"stdout","time":"2024-04-17T11:34:42.621066999Z"}
{"log":"  link: 'S:/1300-1399/StO 1384 FW Treptow/20236545 Inspektion',\n","stream":"stdout","time":"2024-04-17T11:34:42.621069099Z"}
{"log":"  filename: '__locally_added__1712575188000__locally_added__CAP2076790640973012590_jpg.maybe.jpg'\n","stream":"stdout","time":"2024-04-17T11:34:42.621071099Z"}
{"log":"}\n","stream":"stdout","time":"2024-04-17T11:34:42.621072999Z"}
{"log":"gettin file from  {\n","stream":"stdout","time":"2024-04-17T11:34:42.621811715Z"}
{"log":"  rootpath: '.',\n","stream":"stdout","time":"2024-04-17T11:34:42.621817115Z"}
{"log":"  link: 'S:/0700-0799/StO 0728 Wilskistr 79/20246135 Inspektion',\n","stream":"stdout","time":"2024-04-17T11:34:42.621819115Z"}
{"log":"  filename: '__locally_added__1712747730000__locally_added__CAP8478210023730532303_jpg.maybe.jpg'\n","stream":"stdout","time":"2024-04-17T11:34:42.621821215Z"}
{"log":"}\n","stream":"stdout","time":"2024-04-17T11:34:42.621823015Z"}
{"log":"gettin file from  {\n","stream":"stdout","time":"2024-04-17T11:34:42.622378727Z"}
{"log":"  rootpath: '.',\n","stream":"stdout","time":"2024-04-17T11:34:42.622383127Z"}
{"log":"  link: 'S:/0500-0599/StO 0545 Potsdamer Platz - debis/20236550 Inspektion',\n","stream":"stdout","time":"2024-04-17T11:34:42.622385227Z"}
{"log":"  filename: '__locally_added__1712642058000__locally_added__CAP710435140201825871_jpg.maybe.jpg'\n","stream":"stdout","time":"2024-04-17T11:34:42.622387327Z"}
{"log":"}\n","stream":"stdout","time":"2024-04-17T11:34:42.622394527Z"}
{"log":"gettin file from  {\n","stream":"stdout","time":"2024-04-17T11:34:42.623128443Z"}
{"log":"  rootpath: '.',\n","stream":"stdout","time":"2024-04-17T11:34:42.623137343Z"}
{"log":"  link: 'S:/0700-0799/StO 0746 Wendenschloßstraße 138 (BVG)/20246138 Inspektion',\n","stream":"stdout","time":"2024-04-17T11:34:42.623139543Z"}
{"log":"  filename: '__locally_added__1712828504000__locally_added__CAP2690261889113368259_jpg.maybe.jpg'\n","stream":"stdout","time":"2024-04-17T11:34:42.623141743Z"}
{"log":"}\n","stream":"stdout","time":"2024-04-17T11:34:42.623143743Z"}
{"log":"gettin file from  {\n","stream":"stdout","time":"2024-04-17T11:34:42.623997461Z"}
{"log":"  rootpath: '.',\n","stream":"stdout","time":"2024-04-17T11:34:42.624002161Z"}
{"log":"  link: 'S:/0300-0399/StO 0340 Trebbiner Str. 1-6/20246132 Inspektion',\n","stream":"stdout","time":"2024-04-17T11:34:42.624004161Z"}
{"log":"  filename: '__locally_added__1712728989000__locally_added__CAP3105118731985552892_jpg.maybe.jpg'\n","stream":"stdout","time":"2024-04-17T11:34:42.624006061Z"}
{"log":"}\n","stream":"stdout","time":"2024-04-17T11:34:42.624007861Z"}
{"log":"gettin file from  {\n","stream":"stdout","time":"2024-04-17T11:34:42.624362869Z"}
{"log":"  rootpath: '.',\n","stream":"stdout","time":"2024-04-17T11:34:42.624371769Z"}
{"log":"  link: 'S:/0500-0599/StO 0545 Potsdamer Platz - debis/20236550 Inspektion',\n","stream":"stdout","time":"2024-04-17T11:34:42.624373869Z"}
{"log":"  filename: '__locally_added__1712646353000__locally_added__CAP550004965135875308_jpg.maybe.jpg'\n","stream":"stdout","time":"2024-04-17T11:34:42.624375969Z"}
{"log":"}\n","stream":"stdout","time":"2024-04-17T11:34:42.624377969Z"}
{"log":"gettin file from  {\n","stream":"stdout","time":"2024-04-17T11:34:42.628008647Z"}
{"log":"  rootpath: '.',\n","stream":"stdout","time":"2024-04-17T11:34:42.628014247Z"}
{"log":"  link: 'S:/1300-1399/StO 1384 FW Treptow/20236545 Inspektion',\n","stream":"stdout","time":"2024-04-17T11:34:42.628016347Z"}
{"log":"  filename: '__locally_added__1712581357000__locally_added__CAP4313762040255822464_jpg.maybe.jpg'\n","stream":"stdout","time":"2024-04-17T11:34:42.628018447Z"}
{"log":"}\n","stream":"stdout","time":"2024-04-17T11:34:42.628020347Z"}
{"log":"gettin file from  {\n","stream":"stdout","time":"2024-04-17T11:34:42.628814164Z"}
{"log":"  rootpath: '.',\n","stream":"stdout","time":"2024-04-17T11:34:42.628823364Z"}
{"log":"  link: 'S:/0700-0799/StO 0744 Blankenfelderstraße/20246137 Inspektion',\n","stream":"stdout","time":"2024-04-17T11:34:42.628825564Z"}
{"log":"  filename: '__locally_added__1712904163000__locally_added__CAP1495592124045008954_jpg.maybe.jpg'\n","stream":"stdout","time":"2024-04-17T11:34:42.628827764Z"}
{"log":"}\n","stream":"stdout","time":"2024-04-17T11:34:42.628829864Z"}
{"log":"gettin file from  {\n","stream":"stdout","time":"2024-04-17T11:34:42.629687583Z"}
{"log":"  rootpath: '.',\n","stream":"stdout","time":"2024-04-17T11:34:42.629696483Z"}
{"log":"  link: 'S:/1000-1099/StO 1008 Planstr Ost 6/20246140 Inspektion',\n","stream":"stdout","time":"2024-04-17T11:34:42.629698583Z"}
{"log":"  filename: '__locally_added__1712831776000__locally_added__CAP1009246596572662639_jpg.maybe.jpg'\n","stream":"stdout","time":"2024-04-17T11:34:42.629700583Z"}
{"log":"}\n","stream":"stdout","time":"2024-04-17T11:34:42.629702483Z"}
{"log":"gettin file from  {\n","stream":"stdout","time":"2024-04-17T11:34:42.630341697Z"}
{"log":"  rootpath: '.',\n","stream":"stdout","time":"2024-04-17T11:34:42.630348397Z"}
{"log":"  link: 'S:/1300-1399/StO 1384 FW Treptow/20236545 Inspektion',\n","stream":"stdout","time":"2024-04-17T11:34:42.630350497Z"}
{"log":"  filename: '__locally_added__1712576230000__locally_added__CAP2128576714496731263_jpg.maybe.jpg'\n","stream":"stdout","time":"2024-04-17T11:34:42.630352397Z"}
{"log":"}\n","stream":"stdout","time":"2024-04-17T11:34:42.630354297Z"}
{"log":"gettin file from  {\n","stream":"stdout","time":"2024-04-17T11:34:42.630713605Z"}
{"log":"  rootpath: '.',\n","stream":"stdout","time":"2024-04-17T11:34:42.630724505Z"}
{"log":"  link: 'S:/0700-0799/StO 0746 Wendenschloßstraße 138 (BVG)/20246138 Inspektion',\n","stream":"stdout","time":"2024-04-17T11:34:42.630726705Z"}
{"log":"  filename: '__locally_added__1712827453000__locally_added__CAP6431260014139234947_jpg.maybe.jpg'\n","stream":"stdout","time":"2024-04-17T11:34:42.630729105Z"}
{"log":"}\n","stream":"stdout","time":"2024-04-17T11:34:42.630731105Z"}
{"log":"gettin file from  {\n","stream":"stdout","time":"2024-04-17T11:34:42.631356518Z"}
{"log":"  rootpath: '.',\n","stream":"stdout","time":"2024-04-17T11:34:42.631365118Z"}
{"log":"  link: 'S:/0100-0199/StO 0151 Fürstenwalder Damm 739 (BVG)/20246131 Inspektion',\n","stream":"stdout","time":"2024-04-17T11:34:42.631367219Z"}
{"log":"  filename: '__locally_added__1712821392000__locally_added__CAP6552896284886878543_jpg.maybe.jpg'\n","stream":"stdout","time":"2024-04-17T11:34:42.631369319Z"}
{"log":"}\n","stream":"stdout","time":"2024-04-17T11:34:42.631371319Z"}
{"log":"gettin file from  {\n","stream":"stdout","time":"2024-04-17T11:34:42.631752127Z"}
{"log":"  rootpath: '.',\n","stream":"stdout","time":"2024-04-17T11:34:42.631757727Z"}
{"log":"  link: 'S:/0300-0399/StO 0340 Trebbiner Str. 1-6/20246132 Inspektion',\n","stream":"stdout","time":"2024-04-17T11:34:42.631759827Z"}
{"log":"  filename: '__locally_added__1712732708000__locally_added__CAP7066696031266310705_jpg.maybe.jpg'\n","stream":"stdout","time":"2024-04-17T11:34:42.631761827Z"}
{"log":"}\n","stream":"stdout","time":"2024-04-17T11:34:42.631763927Z"}
{"log":"gettin file from  {\n","stream":"stdout","time":"2024-04-17T11:34:42.63238844Z"}
{"log":"  rootpath: '.',\n","stream":"stdout","time":"2024-04-17T11:34:42.63239624Z"}
{"log":"  link: 'S:/0700-0799/StO 0708 Machandelweg 24/20246133 Inspektion',\n","stream":"stdout","time":"2024-04-17T11:34:42.632398441Z"}
{"log":"  filename: '__locally_added__1712743306000__locally_added__CAP6292102893348953048_jpg.maybe.jpg'\n","stream":"stdout","time":"2024-04-17T11:34:42.632400441Z"}
{"log":"}\n","stream":"stdout","time":"2024-04-17T11:34:42.632402441Z"}
{"log":"gettin file from  {\n","stream":"stdout","time":"2024-04-17T11:34:42.633074955Z"}
{"log":"  rootpath: '.',\n","stream":"stdout","time":"2024-04-17T11:34:42.633083255Z"}
{"log":"  link: 'S:/1300-1399/StO 1384 FW Treptow/20236545 Inspektion',\n","stream":"stdout","time":"2024-04-17T11:34:42.633085355Z"}
{"log":"  filename: '__locally_added__1712576196000__locally_added__CAP3038630631184186550_jpg.maybe.jpg'\n","stream":"stdout","time":"2024-04-17T11:34:42.633087355Z"}
{"log":"}\n","stream":"stdout","time":"2024-04-17T11:34:42.633089255Z"}
{"log":"gettin file from  {\n","stream":"stdout","time":"2024-04-17T11:34:42.633686968Z"}
{"log":"  rootpath: '.',\n","stream":"stdout","time":"2024-04-17T11:34:42.633694768Z"}
{"log":"  link: 'S:/4300-4399/StO 4322 Machandelweg 24 BVG Ausbildungsstätte/20246134 Inspektion',\n","stream":"stdout","time":"2024-04-17T11:34:42.633696868Z"}
{"log":"  filename: '__locally_added__1712739922000__locally_added__CAP1236086962813616850_jpg.maybe.jpg'\n","stream":"stdout","time":"2024-04-17T11:34:42.633699068Z"}
{"log":"}\n","stream":"stdout","time":"2024-04-17T11:34:42.633701068Z"}
{"log":"gettin file from  {\n","stream":"stdout","time":"2024-04-17T11:34:42.635303603Z"}
{"log":"  rootpath: '.',\n","stream":"stdout","time":"2024-04-17T11:34:42.635313403Z"}
{"log":"  link: 'S:/0700-0799/StO 0728 Wilskistr 79/20246135 Inspektion',\n","stream":"stdout","time":"2024-04-17T11:34:42.635315603Z"}
{"log":"  filename: '__locally_added__1712749273000__locally_added__CAP573760713025198388_jpg.maybe.jpg'\n","stream":"stdout","time":"2024-04-17T11:34:42.635317503Z"}
{"log":"}\n","stream":"stdout","time":"2024-04-17T11:34:42.635319503Z"}
{"log":"gettin file from  {\n","stream":"stdout","time":"2024-04-17T11:34:42.636765734Z"}
{"log":"  rootpath: '.',\n","stream":"stdout","time":"2024-04-17T11:34:42.636776934Z"}
{"log":"  link: 'S:/0100-0199/StO 0151 Fürstenwalder Damm 739 (BVG)/20246131 Inspektion',\n","stream":"stdout","time":"2024-04-17T11:34:42.636779334Z"}
{"log":"  filename: '__locally_added__1712821996000__locally_added__CAP8272957629305258692_jpg.maybe.jpg'\n","stream":"stdout","time":"2024-04-17T11:34:42.636786934Z"}
{"log":"}\n","stream":"stdout","time":"2024-04-17T11:34:42.636789234Z"}
{"log":"gettin file from  {\n","stream":"stdout","time":"2024-04-17T11:34:42.642440555Z"}
{"log":"  rootpath: '.',\n","stream":"stdout","time":"2024-04-17T11:34:42.642451455Z"}
{"log":"  link: 'S:/0700-0799/StO 0728 Wilskistr 79/20246135 Inspektion',\n","stream":"stdout","time":"2024-04-17T11:34:42.642454055Z"}
{"log":"  filename: '__locally_added__1712752037000__locally_added__CAP6380155988901221222_jpg.maybe.jpg'\n","stream":"stdout","time":"2024-04-17T11:34:42.642456055Z"}
{"log":"}\n","stream":"stdout","time":"2024-04-17T11:34:42.642458155Z"}
{"log":"gettin file from  {\n","stream":"stdout","time":"2024-04-17T11:34:42.647060853Z"}
{"log":"  rootpath: '.',\n","stream":"stdout","time":"2024-04-17T11:34:42.647081254Z"}
{"log":"  link: 'S:/1000-1099/StO 1009 Tempelhofer Ufer 31/20246156 Inspektion',\n","stream":"stdout","time":"2024-04-17T11:34:42.647083554Z"}
{"log":"  filename: '__locally_added__1712734944000__locally_added__CAP4303925417053372387_jpg.maybe.jpg'\n","stream":"stdout","time":"2024-04-17T11:34:42.647085654Z"}
{"log":"}\n","stream":"stdout","time":"2024-04-17T11:34:42.647087754Z"}
{"log":"gettin file from  {\n","stream":"stdout","time":"2024-04-17T11:34:42.647935172Z"}
{"log":"  rootpath: '.',\n","stream":"stdout","time":"2024-04-17T11:34:42.647941972Z"}
{"log":"  link: 'S:/0700-0799/StO 0728 Wilskistr 79/20246135 Inspektion',\n","stream":"stdout","time":"2024-04-17T11:34:42.647944372Z"}
{"log":"  filename: '__locally_added__1712747730000__locally_added__CAP4101785895939610652_jpg.maybe.jpg'\n","stream":"stdout","time":"2024-04-17T11:34:42.647946272Z"}
{"log":"}\n","stream":"stdout","time":"2024-04-17T11:34:42.647948272Z"}
{"log":"gettin file from  {\n","stream":"stdout","time":"2024-04-17T11:34:42.648832991Z"}
{"log":"  rootpath: '.',\n","stream":"stdout","time":"2024-04-17T11:34:42.648839391Z"}
{"log":"  link: 'S:/1000-1099/StO 1008 Planstr Ost 6/20246140 Inspektion',\n","stream":"stdout","time":"2024-04-17T11:34:42.648841491Z"}
{"log":"  filename: '__locally_added__1712836232000__locally_added__CAP9007726951746498637_jpg.maybe.jpg'\n","stream":"stdout","time":"2024-04-17T11:34:42.648843492Z"}
{"log":"}\n","stream":"stdout","time":"2024-04-17T11:34:42.648845492Z"}
{"log":"gettin file from  {\n","stream":"stdout","time":"2024-04-17T11:34:42.649197299Z"}
{"log":"  rootpath: '.',\n","stream":"stdout","time":"2024-04-17T11:34:42.649202399Z"}
{"log":"  link: 'S:/0300-0399/StO 0340 Trebbiner Str. 1-6/20246132 Inspektion',\n","stream":"stdout","time":"2024-04-17T11:34:42.649204399Z"}
{"log":"  filename: '__locally_added__1712732757000__locally_added__CAP2297934340617273971_jpg.maybe.jpg'\n","stream":"stdout","time":"2024-04-17T11:34:42.649206299Z"}
{"log":"}\n","stream":"stdout","time":"2024-04-17T11:34:42.649208199Z"}
{"log":"gettin file from  {\n","stream":"stdout","time":"2024-04-17T11:34:42.649879514Z"}
{"log":"  rootpath: '.',\n","stream":"stdout","time":"2024-04-17T11:34:42.649885014Z"}
{"log":"  link: 'S:/0700-0799/StO 0728 Wilskistr 79/20246135 Inspektion',\n","stream":"stdout","time":"2024-04-17T11:34:42.649887114Z"}
{"log":"  filename: '__locally_added__1712749273000__locally_added__CAP1736688760908477562_jpg.maybe.jpg'\n","stream":"stdout","time":"2024-04-17T11:34:42.649889114Z"}
{"log":"}\n","stream":"stdout","time":"2024-04-17T11:34:42.649891114Z"}
{"log":"gettin file from  {\n","stream":"stdout","time":"2024-04-17T11:34:42.653550792Z"}
{"log":"  rootpath: '.',\n","stream":"stdout","time":"2024-04-17T11:34:42.653559892Z"}
{"log":"  link: 'S:/0700-0799/StO 0744 Blankenfelderstraße/20246137 Inspektion',\n","stream":"stdout","time":"2024-04-17T11:34:42.653562192Z"}
{"log":"  filename: '__locally_added__1712903644000__locally_added__CAP1912074305847063655_jpg.maybe.jpg'\n","stream":"stdout","time":"2024-04-17T11:34:42.653564392Z"}
{"log":"}\n","stream":"stdout","time":"2024-04-17T11:34:42.653572892Z"}
{"log":"gettin file from  {\n","stream":"stdout","time":"2024-04-17T11:34:42.654282208Z"}
{"log":"  rootpath: '.',\n","stream":"stdout","time":"2024-04-17T11:34:42.654288208Z"}
{"log":"  link: 'S:/0700-0799/StO 0746 Wendenschloßstraße 138 (BVG)/20246138 Inspektion',\n","stream":"stdout","time":"2024-04-17T11:34:42.654290208Z"}
{"log":"  filename: '__locally_added__1712824420000__locally_added__CAP7674156422964323772_jpg.maybe.jpg'\n","stream":"stdout","time":"2024-04-17T11:34:42.654292408Z"}
{"log":"}\n","stream":"stdout","time":"2024-04-17T11:34:42.654294208Z"}
{"log":"gettin file from  {\n","stream":"stdout","time":"2024-04-17T11:34:42.65485572Z"}
{"log":"  rootpath: '.',\n","stream":"stdout","time":"2024-04-17T11:34:42.65486122Z"}
{"log":"  link: 'S:/0700-0799/StO 0744 Blankenfelderstraße/20246137 Inspektion',\n","stream":"stdout","time":"2024-04-17T11:34:42.65486322Z"}
{"log":"  filename: '__locally_added__1712899311000__locally_added__CAP8622694713298409258_jpg.maybe.jpg'\n","stream":"stdout","time":"2024-04-17T11:34:42.65486522Z"}
{"log":"}\n","stream":"stdout","time":"2024-04-17T11:34:42.65486702Z"}
{"log":"gettin file from  {\n","stream":"stdout","time":"2024-04-17T11:34:42.655582735Z"}
{"log":"  rootpath: '.',\n","stream":"stdout","time":"2024-04-17T11:34:42.655587335Z"}
{"log":"  link: 'S:/1000-1099/StO 1008 Planstr Ost 6/20246140 Inspektion',\n","stream":"stdout","time":"2024-04-17T11:34:42.655589435Z"}
{"log":"  filename: '__locally_added__1712836437000__locally_added__CAP250798817584659424_jpg.maybe.jpg'\n","stream":"stdout","time":"2024-04-17T11:34:42.655591536Z"}
{"log":"}\n","stream":"stdout","time":"2024-04-17T11:34:42.655599336Z"}
{"log":"gettin file from  {\n","stream":"stdout","time":"2024-04-17T11:34:42.656231849Z"}
{"log":"  rootpath: '.',\n","stream":"stdout","time":"2024-04-17T11:34:42.656236649Z"}
{"log":"  link: 'S:/0700-0799/StO 0732 Schulstraße 5-6/20246136 Inspektion',\n","stream":"stdout","time":"2024-04-17T11:34:42.656238649Z"}
{"log":"  filename: '__locally_added__1712911728000__locally_added__CAP2176665392229861544_jpg.maybe.jpg'\n","stream":"stdout","time":"2024-04-17T11:34:42.656240649Z"}
{"log":"}\n","stream":"stdout","time":"2024-04-17T11:34:42.656242449Z"}
{"log":"gettin file from  {\n","stream":"stdout","time":"2024-04-17T11:34:42.656938464Z"}
{"log":"  rootpath: '.',\n","stream":"stdout","time":"2024-04-17T11:34:42.656943264Z"}
{"log":"  link: 'S:/0700-0799/StO 0732 Schulstraße 5-6/20246136 Inspektion',\n","stream":"stdout","time":"2024-04-17T11:34:42.656945364Z"}
{"log":"  filename: '__locally_added__1712911728000__locally_added__CAP3669942037011590421_jpg.maybe.jpg'\n","stream":"stdout","time":"2024-04-17T11:34:42.656947364Z"}
{"log":"}\n","stream":"stdout","time":"2024-04-17T11:34:42.656949465Z"}
{"log":"/api/secure/category/get: {\n","stream":"stdout","time":"2024-04-17T11:34:42.657526977Z"}
{"log":"  PjNr: 20236538,\n","stream":"stdout","time":"2024-04-17T11:34:42.657531977Z"}
{"log":"  local_id: '20236538-undefined-undefined-undefined',\n","stream":"stdout","time":"2024-04-17T11:34:42.657533977Z"}
{"log":"  user: { name: 'KI', pass: '--CENSORED--' }\n","stream":"stdout","time":"2024-04-17T11:34:42.657535977Z"}
{"log":"}\n","stream":"stdout","time":"2024-04-17T11:34:42.657537877Z"}
{"log":"gettin file from  {\n","stream":"stdout","time":"2024-04-17T11:34:45.526867927Z"}
{"log":"  rootpath: '.',\n","stream":"stdout","time":"2024-04-17T11:34:45.526889027Z"}
{"log":"  link: 'S:/0700-0799/StO 0732 Schulstraße 5-6/20246136 Inspektion',\n","stream":"stdout","time":"2024-04-17T11:34:45.526892027Z"}
{"log":"  filename: '__locally_added__1712909366000__locally_added__CAP4354292350469240876_jpg.maybe.jpg'\n","stream":"stdout","time":"2024-04-17T11:34:45.526894727Z"}
{"log":"}\n","stream":"stdout","time":"2024-04-17T11:34:45.526896827Z"}
{"log":"gettin file from  {\n","stream":"stdout","time":"2024-04-17T11:34:47.5114321Z"}
{"log":"  rootpath: '.',\n","stream":"stdout","time":"2024-04-17T11:34:47.511461701Z"}
{"log":"  link: 'S:/0700-0799/StO 0744 Blankenfelderstraße/20246137 Inspektion',\n","stream":"stdout","time":"2024-04-17T11:34:47.511464801Z"}
{"log":"  filename: '__locally_added__1712899236000__locally_added__CAP7065037220916914720_jpg.maybe.jpg'\n","stream":"stdout","time":"2024-04-17T11:34:47.511467601Z"}
{"log":"}\n","stream":"stdout","time":"2024-04-17T11:34:47.511469501Z"}
{"log":"gettin file from  {\n","stream":"stdout","time":"2024-04-17T11:34:47.512279818Z"}
{"log":"  rootpath: '.',\n","stream":"stdout","time":"2024-04-17T11:34:47.512294919Z"}
{"log":"  link: 'S:/1000-1099/StO 1008 Planstr Ost 6/20246140 Inspektion',\n","stream":"stdout","time":"2024-04-17T11:34:47.512298119Z"}
{"log":"  filename: '__locally_added__1712831776000__locally_added__CAP4804784028660696042_jpg.maybe.jpg'\n","stream":"stdout","time":"2024-04-17T11:34:47.512300619Z"}
{"log":"}\n","stream":"stdout","time":"2024-04-17T11:34:47.512303319Z"}
{"log":"Params: KI,051290\n","stream":"stdout","time":"2024-04-17T11:34:50.42522623Z"}
{"log":"Params: Ki,2000,1910\n","stream":"stdout","time":"2024-04-17T11:34:59.445490587Z"}
{"log":"gettin file from  {\n","stream":"stdout","time":"2024-04-17T11:35:00.778530187Z"}
{"log":"  rootpath: '.',\n","stream":"stdout","time":"2024-04-17T11:35:00.778548788Z"}
{"log":"  link: 'S:/0500-0599/StO 0504 Heinsestr 22-24 FW/20236538 Inspektion',\n","stream":"stdout","time":"2024-04-17T11:35:00.778551788Z"}
{"log":"  filename: '__locally_added__1712667157000__locally_added__CAP7567068436012030787_jpg.maybe.jpg'\n","stream":"stdout","time":"2024-04-17T11:35:00.778554188Z"}
{"log":"}\n","stream":"stdout","time":"2024-04-17T11:35:00.778562688Z"}
{"log":"Params: 20236538\n","stream":"stdout","time":"2024-04-17T11:35:11.199465115Z"}
{"log":"Params: KI,051290\n","stream":"stdout","time":"2024-04-17T11:35:11.201204752Z"}
{"log":"Params: KI,051290\n","stream":"stdout","time":"2024-04-17T11:35:11.20154796Z"}
{"log":"/api/secure/category/get: {\n","stream":"stdout","time":"2024-04-17T11:35:11.231090892Z"}
{"log":"  PjNr: 20236538,\n","stream":"stdout","time":"2024-04-17T11:35:11.231113893Z"}
{"log":"  local_id: '20236538-undefined-undefined-undefined',\n","stream":"stdout","time":"2024-04-17T11:35:11.231116593Z"}
{"log":"  user: { name: 'KI', pass: '--CENSORED--' }\n","stream":"stdout","time":"2024-04-17T11:35:11.231118593Z"}
{"log":"}\n","stream":"stdout","time":"2024-04-17T11:35:11.231125593Z"}
{"log":"gettin file from  {\n","stream":"stdout","time":"2024-04-17T11:35:18.087582589Z"}
{"log":"  rootpath: '.',\n","stream":"stdout","time":"2024-04-17T11:35:18.08760609Z"}
{"log":"  link: 'S:/0500-0599/StO 0504 Heinsestr 22-24 FW/20236538 Inspektion',\n","stream":"stdout","time":"2024-04-17T11:35:18.08760939Z"}
{"log":"  filename: '__locally_added__1712667157000__locally_added__CAP7567068436012030787_jpg.maybe.jpg'\n","stream":"stdout","time":"2024-04-17T11:35:18.08761199Z"}
{"log":"}\n","stream":"stdout","time":"2024-04-17T11:35:18.08761429Z"}
{"log":"Params: 20236554,1910\n","stream":"stdout","time":"2024-04-17T11:35:22.690184284Z"}
{"log":"QueryRes[object Object]\n","stream":"stdout","time":"2024-04-17T11:35:22.70165693Z"}
{"log":"QueryRes[object Object]\n","stream":"stdout","time":"2024-04-17T11:35:22.701785132Z"}
{"log":"Params: KI,051290\n","stream":"stdout","time":"2024-04-17T11:35:23.60705503Z"}
{"log":"Params: KI,051290\n","stream":"stdout","time":"2024-04-17T11:35:23.60752514Z"}
{"log":"/api/secure/category/get: {\n","stream":"stdout","time":"2024-04-17T11:35:23.627478867Z"}
{"log":"  PjNr: 20236538,\n","stream":"stdout","time":"2024-04-17T11:35:23.627498668Z"}
{"log":"  local_id: '20236538-undefined-undefined-undefined',\n","stream":"stdout","time":"2024-04-17T11:35:23.627501968Z"}
{"log":"  user: { name: 'KI', pass: '--CENSORED--' }\n","stream":"stdout","time":"2024-04-17T11:35:23.627504268Z"}
{"log":"}\n","stream":"stdout","time":"2024-04-17T11:35:23.627506568Z"}
{"log":"Params: 20236538,1910\n","stream":"stdout","time":"2024-04-17T11:35:26.551048222Z"}
{"log":"QueryRes[object Object]\n","stream":"stdout","time":"2024-04-17T11:35:26.555094208Z"}
{"log":"QueryRes[object Object]\n","stream":"stdout","time":"2024-04-17T11:35:26.55516701Z"}
{"log":"gettin file from  {\n","stream":"stdout","time":"2024-04-17T11:35:27.211681382Z"}
{"log":"  rootpath: '.',\n","stream":"stdout","time":"2024-04-17T11:35:27.211701682Z"}
{"log":"  link: 'S:/0500-0599/StO 0504 Heinsestr 22-24 FW/20236538 Inspektion',\n","stream":"stdout","time":"2024-04-17T11:35:27.211704582Z"}
{"log":"  filename: '__locally_added__1712667157000__locally_added__CAP7567068436012030787_jpg.maybe.jpg'\n","stream":"stdout","time":"2024-04-17T11:35:27.211706782Z"}
{"log":"}\n","stream":"stdout","time":"2024-04-17T11:35:27.211708883Z"}
{"log":"Params: 20236538,1910\n","stream":"stdout","time":"2024-04-17T11:35:29.199150087Z"}
{"log":"Params: 20236538\n","stream":"stdout","time":"2024-04-17T11:35:29.199641198Z"}
{"log":"Params: KI,051290\n","stream":"stdout","time":"2024-04-17T11:35:29.20533522Z"}
{"log":"QueryRes[object Object]\n","stream":"stdout","time":"2024-04-17T11:35:29.206218039Z"}
{"log":"QueryRes[object Object]\n","stream":"stdout","time":"2024-04-17T11:35:29.20626714Z"}
{"log":"/api/secure/category/get: {\n","stream":"stdout","time":"2024-04-17T11:35:29.229026628Z"}
{"log":"  PjNr: 20236554,\n","stream":"stdout","time":"2024-04-17T11:35:29.229039528Z"}
{"log":"  local_id: '20236554-undefined-undefined-undefined',\n","stream":"stdout","time":"2024-04-17T11:35:29.229041928Z"}
{"log":"  user: { name: 'KI', pass: '--CENSORED--' }\n","stream":"stdout","time":"2024-04-17T11:35:29.229044228Z"}
{"log":"}\n","stream":"stdout","time":"2024-04-17T11:35:29.229046628Z"}
{"log":"Params: 20236538\n","stream":"stdout","time":"2024-04-17T11:35:37.922964891Z"}
{"log":"Params: KI,051290\n","stream":"stdout","time":"2024-04-17T11:35:37.92433102Z"}
{"log":"/api/secure/category/get: {\n","stream":"stdout","time":"2024-04-17T11:35:37.95695252Z"}
{"log":"  PjNr: 20236554,\n","stream":"stdout","time":"2024-04-17T11:35:37.95697282Z"}
{"log":"  local_id: '20236554-undefined-undefined-undefined',\n","stream":"stdout","time":"2024-04-17T11:35:37.95697572Z"}
{"log":"  user: { name: 'KI', pass: '--CENSORED--' }\n","stream":"stdout","time":"2024-04-17T11:35:37.95697772Z"}
{"log":"}\n","stream":"stdout","time":"2024-04-17T11:35:37.95697972Z"}
{"log":"Params: 20236550,1910\n","stream":"stdout","time":"2024-04-17T11:35:40.198607922Z"}
{"log":"Params: 20236538,1910\n","stream":"stdout","time":"2024-04-17T11:35:40.199331637Z"}
{"log":"Params: 20236554\n","stream":"stdout","time":"2024-04-17T11:35:40.199633944Z"}
{"log":"QueryRes[object Object]\n","stream":"stdout","time":"2024-04-17T11:35:40.201732389Z"}
{"log":"QueryRes[object Object]\n","stream":"stdout","time":"2024-04-17T11:35:40.20180979Z"}
{"log":"QueryRes[object Object]\n","stream":"stdout","time":"2024-04-17T11:35:40.2022719Z"}
{"log":"QueryRes[object Object]\n","stream":"stdout","time":"2024-04-17T11:35:40.202444404Z"}
{"log":"Params: 20236554,1910\n","stream":"stdout","time":"2024-04-17T11:35:43.256872562Z"}
{"log":"QueryRes[object Object]\n","stream":"stdout","time":"2024-04-17T11:35:43.262559684Z"}
{"log":"QueryRes[object Object]\n","stream":"stdout","time":"2024-04-17T11:35:43.262577384Z"}
{"log":"Params: 20236538,1910\n","stream":"stdout","time":"2024-04-17T11:35:45.853404106Z"}
{"log":"Params: 20236538,1910\n","stream":"stdout","time":"2024-04-17T11:35:45.868619232Z"}
{"log":"Params: 20236554\n","stream":"stdout","time":"2024-04-17T11:35:45.869406649Z"}
{"log":"QueryRes[object Object]\n","stream":"stdout","time":"2024-04-17T11:35:45.875219574Z"}
{"log":"QueryRes[object Object]\n","stream":"stdout","time":"2024-04-17T11:35:45.875303476Z"}
{"log":"QueryRes[object Object]\n","stream":"stdout","time":"2024-04-17T11:35:45.875603782Z"}
{"log":"QueryRes[object Object]\n","stream":"stdout","time":"2024-04-17T11:35:45.875673384Z"}
{"log":"Params: 20236554,1910\n","stream":"stdout","time":"2024-04-17T11:35:46.78878969Z"}
{"log":"Params: 20236551,1910\n","stream":"stdout","time":"2024-04-17T11:35:46.800656345Z"}
{"log":"Params: 20236538,1910\n","stream":"stdout","time":"2024-04-17T11:35:46.801412561Z"}
{"log":"Params: 20236554,1910\n","stream":"stdout","time":"2024-04-17T11:35:46.801682967Z"}
{"log":"Params: 20236550,1910\n","stream":"stdout","time":"2024-04-17T11:35:46.802190178Z"}
{"log":"QueryRes[object Object]\n","stream":"stdout","time":"2024-04-17T11:35:46.802634888Z"}
{"log":"QueryRes[object Object]\n","stream":"stdout","time":"2024-04-17T11:35:46.80274289Z"}
{"log":"QueryRes[object Object]\n","stream":"stdout","time":"2024-04-17T11:35:46.803856914Z"}
{"log":"QueryRes[object Object]\n","stream":"stdout","time":"2024-04-17T11:35:46.803921915Z"}
{"log":"QueryRes[object Object]\n","stream":"stdout","time":"2024-04-17T11:35:46.804242422Z"}
{"log":"QueryRes[object Object]\n","stream":"stdout","time":"2024-04-17T11:35:46.804308124Z"}
{"log":"Params: 20236538,1910\n","stream":"stdout","time":"2024-04-17T11:35:46.80691708Z"}
{"log":"Params: 20236538,1910\n","stream":"stdout","time":"2024-04-17T11:35:46.807196686Z"}
{"log":"Params: 20236554,1910\n","stream":"stdout","time":"2024-04-17T11:35:46.810792063Z"}
{"log":"Params: 20236548,1910\n","stream":"stdout","time":"2024-04-17T11:35:46.811041968Z"}
{"log":"Params: 20236538,1910\n","stream":"stdout","time":"2024-04-17T11:35:46.811211972Z"}
{"log":"QueryRes[object Object]\n","stream":"stdout","time":"2024-04-17T11:35:46.813137113Z"}
{"log":"QueryRes[object Object]\n","stream":"stdout","time":"2024-04-17T11:35:46.813228115Z"}
{"log":"QueryRes[object Object]\n","stream":"stdout","time":"2024-04-17T11:35:46.813532822Z"}
{"log":"QueryRes[object Object]\n","stream":"stdout","time":"2024-04-17T11:35:46.813590623Z"}
{"log":"QueryRes[object Object]\n","stream":"stdout","time":"2024-04-17T11:35:46.814342439Z"}
{"log":"QueryRes[object Object]\n","stream":"stdout","time":"2024-04-17T11:35:46.81440044Z"}
{"log":"QueryRes[object Object]\n","stream":"stdout","time":"2024-04-17T11:35:46.814985653Z"}
{"log":"QueryRes[object Object]\n","stream":"stdout","time":"2024-04-17T11:35:46.815041454Z"}
{"log":"QueryRes[object Object]\n","stream":"stdout","time":"2024-04-17T11:35:46.82927386Z"}
{"log":"QueryRes[object Object]\n","stream":"stdout","time":"2024-04-17T11:35:46.829428863Z"}
{"log":"Params: 20236554,1910\n","stream":"stdout","time":"2024-04-17T11:35:46.83161391Z"}
{"log":"Params: 20236538,1910\n","stream":"stdout","time":"2024-04-17T11:35:46.831792914Z"}
{"log":"QueryRes[object Object]\n","stream":"stdout","time":"2024-04-17T11:35:46.835100585Z"}
{"log":"QueryRes[object Object]\n","stream":"stdout","time":"2024-04-17T11:35:46.835291289Z"}
{"log":"Params: 20236554,1910\n","stream":"stdout","time":"2024-04-17T11:35:46.835520294Z"}
{"log":"QueryRes[object Object]\n","stream":"stdout","time":"2024-04-17T11:35:46.835750299Z"}
{"log":"QueryRes[object Object]\n","stream":"stdout","time":"2024-04-17T11:35:46.835848501Z"}
{"log":"Params: 20236546,1910\n","stream":"stdout","time":"2024-04-17T11:35:46.836218809Z"}
{"log":"Params: 20236551,1910\n","stream":"stdout","time":"2024-04-17T11:35:46.837298532Z"}
{"log":"QueryRes[object Object]\n","stream":"stdout","time":"2024-04-17T11:35:46.837621439Z"}
{"log":"QueryRes[object Object]\n","stream":"stdout","time":"2024-04-17T11:35:46.837724641Z"}
{"log":"QueryRes[object Object]\n","stream":"stdout","time":"2024-04-17T11:35:46.838109249Z"}
{"log":"QueryRes[object Object]\n","stream":"stdout","time":"2024-04-17T11:35:46.838215652Z"}
{"log":"QueryRes[object Object]\n","stream":"stdout","time":"2024-04-17T11:35:46.838489058Z"}
{"log":"QueryRes[object Object]\n","stream":"stdout","time":"2024-04-17T11:35:46.83858156Z"}
{"log":"QueryRes[object Object]\n","stream":"stdout","time":"2024-04-17T11:35:46.839040669Z"}
{"log":"QueryRes[object Object]\n","stream":"stdout","time":"2024-04-17T11:35:46.839142872Z"}
{"log":"Params: 20236554,1910\n","stream":"stdout","time":"2024-04-17T11:35:46.839601581Z"}
{"log":"Params: 20236538,1910\n","stream":"stdout","time":"2024-04-17T11:35:46.839897888Z"}
{"log":"QueryRes[object Object]\n","stream":"stdout","time":"2024-04-17T11:35:46.847035941Z"}
{"log":"QueryRes[object Object]\n","stream":"stdout","time":"2024-04-17T11:35:46.847058242Z"}
{"log":"Params: 20236538,1910\n","stream":"stdout","time":"2024-04-17T11:35:46.847514751Z"}
{"log":"Params: 20236554,1910\n","stream":"stdout","time":"2024-04-17T11:35:46.847863259Z"}
{"log":"Params: 20236538,1910\n","stream":"stdout","time":"2024-04-17T11:35:46.848044463Z"}
{"log":"Params: 20236545,1910\n","stream":"stdout","time":"2024-04-17T11:35:46.856620547Z"}
{"log":"QueryRes[object Object]\n","stream":"stdout","time":"2024-04-17T11:35:46.857042356Z"}
{"log":"QueryRes[object Object]\n","stream":"stdout","time":"2024-04-17T11:35:46.857166159Z"}
{"log":"QueryRes[object Object]\n","stream":"stdout","time":"2024-04-17T11:35:46.857465365Z"}
{"log":"QueryRes[object Object]\n","stream":"stdout","time":"2024-04-17T11:35:46.866859567Z"}
{"log":"QueryRes[object Object]\n","stream":"stdout","time":"2024-04-17T11:35:46.867145473Z"}
{"log":"QueryRes[object Object]\n","stream":"stdout","time":"2024-04-17T11:35:46.867205374Z"}
{"log":"QueryRes[object Object]\n","stream":"stdout","time":"2024-04-17T11:35:46.867759486Z"}
{"log":"QueryRes[object Object]\n","stream":"stdout","time":"2024-04-17T11:35:46.867821387Z"}
{"log":"Params: 20236548,1910\n","stream":"stdout","time":"2024-04-17T11:35:46.868314098Z"}
{"log":"QueryRes[object Object]\n","stream":"stdout","time":"2024-04-17T11:35:46.872791194Z"}
{"log":"QueryRes[object Object]\n","stream":"stdout","time":"2024-04-17T11:35:46.873104201Z"}
{"log":"QueryRes[object Object]\n","stream":"stdout","time":"2024-04-17T11:35:46.873390307Z"}
{"log":"QueryRes[object Object]\n","stream":"stdout","time":"2024-04-17T11:35:46.873410707Z"}
{"log":"QueryRes[object Object]\n","stream":"stdout","time":"2024-04-17T11:35:46.873858817Z"}
{"log":"QueryRes[object Object]\n","stream":"stdout","time":"2024-04-17T11:35:46.873867417Z"}
{"log":"Params: 20236554,1910\n","stream":"stdout","time":"2024-04-17T11:35:46.874167624Z"}
{"log":"Params: 20236538,1910\n","stream":"stdout","time":"2024-04-17T11:35:46.874336127Z"}
{"log":"Params: 20236538,1910\n","stream":"stdout","time":"2024-04-17T11:35:46.874491331Z"}
{"log":"Params: 20246132,1910\n","stream":"stdout","time":"2024-04-17T11:35:46.875810159Z"}
{"log":"QueryRes[object Object]\n","stream":"stdout","time":"2024-04-17T11:35:46.876190567Z"}
{"log":"QueryRes[object Object]\n","stream":"stdout","time":"2024-04-17T11:35:46.876291669Z"}
{"log":"QueryRes[object Object]\n","stream":"stdout","time":"2024-04-17T11:35:46.876547475Z"}
{"log":"QueryRes[object Object]\n","stream":"stdout","time":"2024-04-17T11:35:46.876638777Z"}
{"log":"Params: 20236546,1910\n","stream":"stdout","time":"2024-04-17T11:35:46.877166188Z"}
{"log":"Params: 20236554,1910\n","stream":"stdout","time":"2024-04-17T11:35:46.877399793Z"}
{"log":"Params: 20236538,1910\n","stream":"stdout","time":"2024-04-17T11:35:46.877631898Z"}
{"log":"QueryRes[object Object]\n","stream":"stdout","time":"2024-04-17T11:35:46.877980306Z"}
{"log":"QueryRes[object Object]\n","stream":"stdout","time":"2024-04-17T11:35:46.878284612Z"}
{"log":"QueryRes[object Object]\n","stream":"stdout","time":"2024-04-17T11:35:46.878555218Z"}
{"log":"QueryRes[object Object]\n","stream":"stdout","time":"2024-04-17T11:35:46.87865212Z"}
{"log":"Params: 20236554,1910\n","stream":"stdout","time":"2024-04-17T11:35:46.878935926Z"}
{"log":"Params: 20236538,1910\n","stream":"stdout","time":"2024-04-17T11:35:46.87911133Z"}
{"log":"QueryRes[object Object]\n","stream":"stdout","time":"2024-04-17T11:35:46.885431266Z"}
{"log":"QueryRes[object Object]\n","stream":"stdout","time":"2024-04-17T11:35:46.885454066Z"}
{"log":"QueryRes[object Object]\n","stream":"stdout","time":"2024-04-17T11:35:46.885806374Z"}
{"log":"QueryRes[object Object]\n","stream":"stdout","time":"2024-04-17T11:35:46.885925576Z"}
{"log":"QueryRes[object Object]\n","stream":"stdout","time":"2024-04-17T11:35:46.88657109Z"}
{"log":"QueryRes[object Object]\n","stream":"stdout","time":"2024-04-17T11:35:46.886678792Z"}
{"log":"Params: 20236538,1910\n","stream":"stdout","time":"2024-04-17T11:35:46.894106052Z"}
{"log":"QueryRes[object Object]\n","stream":"stdout","time":"2024-04-17T11:35:46.89448266Z"}
{"log":"QueryRes[object Object]\n","stream":"stdout","time":"2024-04-17T11:35:46.894547161Z"}
{"log":"Params: 20246134,1910\n","stream":"stdout","time":"2024-04-17T11:35:46.895986292Z"}
{"log":"QueryRes[object Object]\n","stream":"stdout","time":"2024-04-17T11:35:46.89916756Z"}
{"log":"QueryRes[object Object]\n","stream":"stdout","time":"2024-04-17T11:35:46.899323164Z"}
{"log":"QueryRes[object Object]\n","stream":"stdout","time":"2024-04-17T11:35:46.899551669Z"}
{"log":"QueryRes[object Object]\n","stream":"stdout","time":"2024-04-17T11:35:46.899649671Z"}
{"log":"QueryRes[object Object]\n","stream":"stdout","time":"2024-04-17T11:35:46.899944877Z"}
{"log":"QueryRes[object Object]\n","stream":"stdout","time":"2024-04-17T11:35:46.900048379Z"}
{"log":"Params: 20236545,1910\n","stream":"stdout","time":"2024-04-17T11:35:46.900347386Z"}
{"log":"Params: 20236554,1910\n","stream":"stdout","time":"2024-04-17T11:35:46.900745594Z"}
{"log":"Params: 20236554,1910\n","stream":"stdout","time":"2024-04-17T11:35:46.900964899Z"}
{"log":"QueryRes[object Object]\n","stream":"stdout","time":"2024-04-17T11:35:46.907882548Z"}
{"log":"QueryRes[object Object]\n","stream":"stdout","time":"2024-04-17T11:35:46.90800455Z"}
{"log":"QueryRes[object Object]\n","stream":"stdout","time":"2024-04-17T11:35:46.915091102Z"}
{"log":"QueryRes[object Object]\n","stream":"stdout","time":"2024-04-17T11:35:46.915197405Z"}
{"log":"QueryRes[object Object]\n","stream":"stdout","time":"2024-04-17T11:35:46.915503511Z"}
{"log":"QueryRes[object Object]\n","stream":"stdout","time":"2024-04-17T11:35:46.915614414Z"}
{"log":"Params: 20236538,1910\n","stream":"stdout","time":"2024-04-17T11:35:46.915978121Z"}
{"log":"Params: 20236538,1910\n","stream":"stdout","time":"2024-04-17T11:35:46.921873348Z"}
{"log":"Params: 20246133,1910\n","stream":"stdout","time":"2024-04-17T11:35:46.922087953Z"}
{"log":"QueryRes[object Object]\n","stream":"stdout","time":"2024-04-17T11:35:46.922383159Z"}
{"log":"QueryRes[object Object]\n","stream":"stdout","time":"2024-04-17T11:35:46.922487361Z"}
{"log":"Params: 20236554,1910\n","stream":"stdout","time":"2024-04-17T11:35:46.923180676Z"}
{"log":"Params: 20246132,1910\n","stream":"stdout","time":"2024-04-17T11:35:46.930940643Z"}
{"log":"Params: 20236554,1910\n","stream":"stdout","time":"2024-04-17T11:35:46.931191548Z"}
{"log":"QueryRes[object Object]\n","stream":"stdout","time":"2024-04-17T11:35:46.931471154Z"}
{"log":"QueryRes[object Object]\n","stream":"stdout","time":"2024-04-17T11:35:46.931568356Z"}
{"log":"QueryRes[object Object]\n","stream":"stdout","time":"2024-04-17T11:35:46.931873463Z"}
{"log":"QueryRes[object Object]\n","stream":"stdout","time":"2024-04-17T11:35:46.931985365Z"}
{"log":"Params: 20236538,1910\n","stream":"stdout","time":"2024-04-17T11:35:46.932464475Z"}
{"log":"QueryRes[object Object]\n","stream":"stdout","time":"2024-04-17T11:35:46.933272993Z"}
{"log":"QueryRes[object Object]\n","stream":"stdout","time":"2024-04-17T11:35:46.933382795Z"}
{"log":"QueryRes[object Object]\n","stream":"stdout","time":"2024-04-17T11:35:46.933652401Z"}
{"log":"QueryRes[object Object]\n","stream":"stdout","time":"2024-04-17T11:35:46.933788404Z"}
{"log":"QueryRes[object Object]\n","stream":"stdout","time":"2024-04-17T11:35:46.93407231Z"}
{"log":"QueryRes[object Object]\n","stream":"stdout","time":"2024-04-17T11:35:46.934182512Z"}
{"log":"QueryRes[object Object]\n","stream":"stdout","time":"2024-04-17T11:35:46.934644422Z"}
{"log":"QueryRes[object Object]\n","stream":"stdout","time":"2024-04-17T11:35:46.934742924Z"}
{"log":"Params: 20246156,1910\n","stream":"stdout","time":"2024-04-17T11:35:46.937479383Z"}
{"log":"Params: 20236538,1910\n","stream":"stdout","time":"2024-04-17T11:35:46.937699588Z"}
{"log":"Params: 20236554,1910\n","stream":"stdout","time":"2024-04-17T11:35:46.938528006Z"}
{"log":"Params: 20236554,1910\n","stream":"stdout","time":"2024-04-17T11:35:46.93872261Z"}
{"log":"Params: 20246134,1910\n","stream":"stdout","time":"2024-04-17T11:35:46.938926814Z"}
{"log":"QueryRes[object Object]\n","stream":"stdout","time":"2024-04-17T11:35:46.939239421Z"}
{"log":"QueryRes[object Object]\n","stream":"stdout","time":"2024-04-17T11:35:46.939321723Z"}
{"log":"QueryRes[object Object]\n","stream":"stdout","time":"2024-04-17T11:35:46.940088139Z"}
{"log":"QueryRes[object Object]\n","stream":"stdout","time":"2024-04-17T11:35:46.940212542Z"}
{"log":"QueryRes[object Object]\n","stream":"stdout","time":"2024-04-17T11:35:46.940490848Z"}
{"log":"QueryRes[object Object]\n","stream":"stdout","time":"2024-04-17T11:35:46.94059205Z"}
{"log":"QueryRes[object Object]\n","stream":"stdout","time":"2024-04-17T11:35:46.941337766Z"}
{"log":"QueryRes[object Object]\n","stream":"stdout","time":"2024-04-17T11:35:46.941438268Z"}
{"log":"QueryRes[object Object]\n","stream":"stdout","time":"2024-04-17T11:35:46.946985587Z"}
{"log":"QueryRes[object Object]\n","stream":"stdout","time":"2024-04-17T11:35:46.947084689Z"}
{"log":"Params: 20246135,1910\n","stream":"stdout","time":"2024-04-17T11:35:46.949839149Z"}
{"log":"Params: 20246133,1910\n","stream":"stdout","time":"2024-04-17T11:35:46.950073454Z"}
{"log":"QueryRes[object Object]\n","stream":"stdout","time":"2024-04-17T11:35:46.951391382Z"}
{"log":"QueryRes[object Object]\n","stream":"stdout","time":"2024-04-17T11:35:46.951492384Z"}
{"log":"QueryRes[object Object]\n","stream":"stdout","time":"2024-04-17T11:35:46.965704989Z"}
{"log":"QueryRes[object Object]\n","stream":"stdout","time":"2024-04-17T11:35:46.965838792Z"}
{"log":"Params: 20246131,1910\n","stream":"stdout","time":"2024-04-17T11:35:46.966701311Z"}
{"log":"Params: 20246156,1910\n","stream":"stdout","time":"2024-04-17T11:35:46.967029218Z"}
{"log":"QueryRes[object Object]\n","stream":"stdout","time":"2024-04-17T11:35:46.968300545Z"}
{"log":"QueryRes[object Object]\n","stream":"stdout","time":"2024-04-17T11:35:46.968429748Z"}
{"log":"QueryRes[object Object]\n","stream":"stdout","time":"2024-04-17T11:35:46.968802556Z"}
{"log":"QueryRes[object Object]\n","stream":"stdout","time":"2024-04-17T11:35:46.968900358Z"}
{"log":"Params: 20246135,1910\n","stream":"stdout","time":"2024-04-17T11:35:46.972072226Z"}
{"log":"Params: 20246138,1910\n","stream":"stdout","time":"2024-04-17T11:35:46.972307931Z"}
{"log":"QueryRes[object Object]\n","stream":"stdout","time":"2024-04-17T11:35:46.974932687Z"}
{"log":"QueryRes[object Object]\n","stream":"stdout","time":"2024-04-17T11:35:46.975031889Z"}
{"log":"QueryRes[object Object]\n","stream":"stdout","time":"2024-04-17T11:35:46.975311495Z"}
{"log":"QueryRes[object Object]\n","stream":"stdout","time":"2024-04-17T11:35:46.975408998Z"}
{"log":"Params: 20246140,1910\n","stream":"stdout","time":"2024-04-17T11:35:46.986727341Z"}
{"log":"Params: 20246131,1910\n","stream":"stdout","time":"2024-04-17T11:35:46.986934745Z"}
{"log":"QueryRes[object Object]\n","stream":"stdout","time":"2024-04-17T11:35:46.990960731Z"}
{"log":"QueryRes[object Object]\n","stream":"stdout","time":"2024-04-17T11:35:46.991060734Z"}
{"log":"QueryRes[object Object]\n","stream":"stdout","time":"2024-04-17T11:35:46.99135354Z"}
{"log":"QueryRes[object Object]\n","stream":"stdout","time":"2024-04-17T11:35:46.991450242Z"}
{"log":"Params: 20246138,1910\n","stream":"stdout","time":"2024-04-17T11:35:47.000570038Z"}
{"log":"Params: 20246136,1910\n","stream":"stdout","time":"2024-04-17T11:35:47.000770242Z"}
{"log":"QueryRes[object Object]\n","stream":"stdout","time":"2024-04-17T11:35:47.002004669Z"}
{"log":"QueryRes[object Object]\n","stream":"stdout","time":"2024-04-17T11:35:47.002097471Z"}
{"log":"QueryRes[object Object]\n","stream":"stdout","time":"2024-04-17T11:35:47.007049177Z"}
{"log":"QueryRes[object Object]\n","stream":"stdout","time":"2024-04-17T11:35:47.007161879Z"}
{"log":"Params: 20246137,1910\n","stream":"stdout","time":"2024-04-17T11:35:47.012598896Z"}
{"log":"QueryRes[object Object]\n","stream":"stdout","time":"2024-04-17T11:35:47.015008148Z"}
{"log":"QueryRes[object Object]\n","stream":"stdout","time":"2024-04-17T11:35:47.015068849Z"}
{"log":"Params: 20246140,1910\n","stream":"stdout","time":"2024-04-17T11:35:47.015307154Z"}
{"log":"QueryRes[object Object]\n","stream":"stdout","time":"2024-04-17T11:35:47.025282568Z"}
{"log":"QueryRes[object Object]\n","stream":"stdout","time":"2024-04-17T11:35:47.025293569Z"}
{"log":"Params: 20246136,1910\n","stream":"stdout","time":"2024-04-17T11:35:47.027786822Z"}
{"log":"QueryRes[object Object]\n","stream":"stdout","time":"2024-04-17T11:35:47.029335656Z"}
{"log":"QueryRes[object Object]\n","stream":"stdout","time":"2024-04-17T11:35:47.029345556Z"}
{"log":"Params: 20246137,1910\n","stream":"stdout","time":"2024-04-17T11:35:47.040310091Z"}
{"log":"QueryRes[object Object]\n","stream":"stdout","time":"2024-04-17T11:35:47.041864625Z"}
{"log":"QueryRes[object Object]\n","stream":"stdout","time":"2024-04-17T11:35:47.041873825Z"}
{"log":"Params: KI,051290\n","stream":"stdout","time":"2024-04-17T11:35:48.329571678Z"}
{"log":"/api/secure/location/get: { user: { name: 'KI', pass: '--CENSORED--' } }\n","stream":"stdout","time":"2024-04-17T11:35:48.347800169Z"}
{"log":"Params: Ki,2000,1910\n","stream":"stdout","time":"2024-04-17T11:35:48.350431326Z"}
{"log":"Params: KI,051290\n","stream":"stdout","time":"2024-04-17T11:35:48.529653675Z"}
{"log":"Params: KI,051290\n","stream":"stdout","time":"2024-04-17T11:35:48.529934281Z"}
{"log":"Params: KI,051290\n","stream":"stdout","time":"2024-04-17T11:35:48.530082884Z"}
{"log":"gettin file from  {\n","stream":"stdout","time":"2024-04-17T11:35:48.540264103Z"}
{"log":"  rootpath: '.',\n","stream":"stdout","time":"2024-04-17T11:35:48.540279203Z"}
{"log":"  link: 'S:/0500-0599/StO 0530 Kochstraße 22 Neubau/20236554 Inspektion',\n","stream":"stdout","time":"2024-04-17T11:35:48.540282303Z"}
{"log":"  filename: '__locally_added__1712656193000__locally_added__CAP3229146762841543555_jpg.maybe.jpg'\n","stream":"stdout","time":"2024-04-17T11:35:48.540285303Z"}
{"log":"}\n","stream":"stdout","time":"2024-04-17T11:35:48.540287503Z"}
{"log":"gettin file from  {\n","stream":"stdout","time":"2024-04-17T11:35:48.550615625Z"}
{"log":"  rootpath: '.',\n","stream":"stdout","time":"2024-04-17T11:35:48.550628125Z"}
{"log":"  link: 'S:/0500-0599/StO 0530 Kochstraße 22 Neubau/20236554 Inspektion',\n","stream":"stdout","time":"2024-04-17T11:35:48.550630825Z"}
{"log":"  filename: '__locally_added__1712650046000__locally_added__CAP1426101287759827989_jpg.maybe.jpg'\n","stream":"stdout","time":"2024-04-17T11:35:48.550633925Z"}
{"log":"}\n","stream":"stdout","time":"2024-04-17T11:35:48.550636125Z"}
{"log":"gettin file from  {\n","stream":"stdout","time":"2024-04-17T11:35:48.551029434Z"}
{"log":"  rootpath: '.',\n","stream":"stdout","time":"2024-04-17T11:35:48.551067335Z"}
{"log":"  link: 'S:/0500-0599/StO 0530 Kochstraße 22 Neubau/20236554 Inspektion',\n","stream":"stdout","time":"2024-04-17T11:35:48.551076935Z"}
{"log":"  filename: '__locally_added__1712650624000__locally_added__CAP5014306883463681331_jpg.maybe.jpg'\n","stream":"stdout","time":"2024-04-17T11:35:48.551082135Z"}
{"log":"}\n","stream":"stdout","time":"2024-04-17T11:35:48.551086635Z"}
{"log":"Params: KI,051290\n","stream":"stdout","time":"2024-04-17T11:35:48.599673078Z"}
{"log":"Params: KI,051290\n","stream":"stdout","time":"2024-04-17T11:35:48.600268791Z"}
{"log":"Params: KI,051290\n","stream":"stdout","time":"2024-04-17T11:35:48.6006651Z"}
{"log":"Params: KI,051290\n","stream":"stdout","time":"2024-04-17T11:35:48.600750202Z"}
{"log":"gettin file from  {\n","stream":"stdout","time":"2024-04-17T11:35:48.612135846Z"}
{"log":"  rootpath: '.',\n","stream":"stdout","time":"2024-04-17T11:35:48.612169447Z"}
{"log":"  link: 'S:/0500-0599/StO 0545 Potsdamer Platz - debis/20236550 Inspektion',\n","stream":"stdout","time":"2024-04-17T11:35:48.612174447Z"}
{"log":"  filename: '__locally_added__1712642058000__locally_added__CAP710435140201825871_jpg.maybe.jpg'\n","stream":"stdout","time":"2024-04-17T11:35:48.612178447Z"}
{"log":"}\n","stream":"stdout","time":"2024-04-17T11:35:48.612182047Z"}
{"log":"gettin file from  {\n","stream":"stdout","time":"2024-04-17T11:35:48.618341279Z"}
{"log":"  rootpath: '.',\n","stream":"stdout","time":"2024-04-17T11:35:48.61838038Z"}
{"log":"  link: 'S:/0500-0599/StO 0545 Potsdamer Platz - debis/20236550 Inspektion',\n","stream":"stdout","time":"2024-04-17T11:35:48.61838468Z"}
{"log":"  filename: '__locally_added__1712642058000__locally_added__CAP3373348435886993769_jpg.maybe.jpg'\n","stream":"stdout","time":"2024-04-17T11:35:48.61838808Z"}
{"log":"}\n","stream":"stdout","time":"2024-04-17T11:35:48.61839088Z"}
{"log":"gettin file from  {\n","stream":"stdout","time":"2024-04-17T11:35:48.618447082Z"}
{"log":"  rootpath: '.',\n","stream":"stdout","time":"2024-04-17T11:35:48.618450982Z"}
{"log":"  link: 'S:/0500-0599/StO 0545 Potsdamer Platz - debis/20236550 Inspektion',\n","stream":"stdout","time":"2024-04-17T11:35:48.618453582Z"}
{"log":"  filename: '__locally_added__1712641960000__locally_added__CAP9014899963328317786_jpg.maybe.jpg'\n","stream":"stdout","time":"2024-04-17T11:35:48.618456482Z"}
{"log":"}\n","stream":"stdout","time":"2024-04-17T11:35:48.618459082Z"}
{"log":"gettin file from  {\n","stream":"stdout","time":"2024-04-17T11:35:48.619618507Z"}
{"log":"  rootpath: '.',\n","stream":"stdout","time":"2024-04-17T11:35:48.619629207Z"}
{"log":"  link: 'S:/0500-0599/StO 0545 Potsdamer Platz - debis/20236550 Inspektion',\n","stream":"stdout","time":"2024-04-17T11:35:48.619632407Z"}
{"log":"  filename: '__locally_added__1712641960000__locally_added__CAP8385313163374859010_jpg.maybe.jpg'\n","stream":"stdout","time":"2024-04-17T11:35:48.619635107Z"}
{"log":"}\n","stream":"stdout","time":"2024-04-17T11:35:48.619637907Z"}
{"log":"Params: KI,051290\n","stream":"stdout","time":"2024-04-17T11:35:48.625197427Z"}
{"log":"Params: KI,051290\n","stream":"stdout","time":"2024-04-17T11:35:48.638465112Z"}
{"log":"Params: KI,051290\n","stream":"stdout","time":"2024-04-17T11:35:48.639295329Z"}
{"log":"Params: KI,051290\n","stream":"stdout","time":"2024-04-17T11:35:48.640005845Z"}
{"log":"gettin file from  {\n","stream":"stdout","time":"2024-04-17T11:35:48.640947665Z"}
{"log":"  rootpath: '.',\n","stream":"stdout","time":"2024-04-17T11:35:48.640958565Z"}
{"log":"  link: 'S:/0500-0599/StO 0530 Kochstraße 22 Neubau/20236554 Inspektion',\n","stream":"stdout","time":"2024-04-17T11:35:48.640961465Z"}
{"log":"  filename: '__locally_added__1712655011000__locally_added__CAP8569117866631597257_jpg.maybe.jpg'\n","stream":"stdout","time":"2024-04-17T11:35:48.640963765Z"}
{"log":"}\n","stream":"stdout","time":"2024-04-17T11:35:48.640965865Z"}
{"log":"Params: KI,051290\n","stream":"stdout","time":"2024-04-17T11:35:48.641465876Z"}
{"log":"Params: KI,051290\n","stream":"stdout","time":"2024-04-17T11:35:48.64210649Z"}
{"log":"gettin file from  {\n","stream":"stdout","time":"2024-04-17T11:35:48.645426061Z"}
{"log":"  rootpath: '.',\n","stream":"stdout","time":"2024-04-17T11:35:48.645435861Z"}
{"log":"  link: 'S:/15200-15299/StO 15216 FF Friedrichshagen Müggelseedamm 178/20236546 Inspektion',\n","stream":"stdout","time":"2024-04-17T11:35:48.645438561Z"}
{"log":"  filename: '__locally_added__1712568216000__locally_added__CAP3103953399810637800_jpg.maybe.jpg'\n","stream":"stdout","time":"2024-04-17T11:35:48.645440861Z"}
{"log":"}\n","stream":"stdout","time":"2024-04-17T11:35:48.645442761Z"}
{"log":"Params: 20236538,1910\n","stream":"stdout","time":"2024-04-17T11:35:48.648422825Z"}
{"log":"QueryRes[object Object]\n","stream":"stdout","time":"2024-04-17T11:35:48.649736254Z"}
{"log":"QueryRes[object Object]\n","stream":"stdout","time":"2024-04-17T11:35:48.649745154Z"}
{"log":"gettin file from  {\n","stream":"stdout","time":"2024-04-17T11:35:48.655777083Z"}
{"log":"  rootpath: '.',\n","stream":"stdout","time":"2024-04-17T11:35:48.655786784Z"}
{"log":"  link: 'S:/1300-1399/StO 1384 FW Treptow/20236545 Inspektion',\n","stream":"stdout","time":"2024-04-17T11:35:48.655789184Z"}
{"log":"  filename: '__locally_added__1712576230000__locally_added__CAP2128576714496731263_jpg.maybe.jpg'\n","stream":"stdout","time":"2024-04-17T11:35:48.655791384Z"}
{"log":"}\n","stream":"stdout","time":"2024-04-17T11:35:48.655793484Z"}
{"log":"gettin file from  {\n","stream":"stdout","time":"2024-04-17T11:35:48.657174513Z"}
{"log":"  rootpath: '.',\n","stream":"stdout","time":"2024-04-17T11:35:48.657180813Z"}
{"log":"  link: 'S:/0500-0599/StO 0545 Potsdamer Platz - debis/20236550 Inspektion',\n","stream":"stdout","time":"2024-04-17T11:35:48.657182914Z"}
{"log":"  filename: '__locally_added__1712646353000__locally_added__CAP550004965135875308_jpg.maybe.jpg'\n","stream":"stdout","time":"2024-04-17T11:35:48.657185014Z"}
{"log":"}\n","stream":"stdout","time":"2024-04-17T11:35:48.657187114Z"}
{"log":"Params: 20236554,1910\n","stream":"stdout","time":"2024-04-17T11:35:48.660396883Z"}
{"log":"gettin file from  {\n","stream":"stdout","time":"2024-04-17T11:35:48.660955795Z"}
{"log":"  rootpath: '.',\n","stream":"stdout","time":"2024-04-17T11:35:48.660964595Z"}
{"log":"  link: 'S:/0300-0399/StO 0340 Trebbiner Str. 1-6/20246132 Inspektion',\n","stream":"stdout","time":"2024-04-17T11:35:48.660967195Z"}
{"log":"  filename: '__locally_added__1712728989000__locally_added__CAP4790383891722316242_jpg.maybe.jpg'\n","stream":"stdout","time":"2024-04-17T11:35:48.660969595Z"}
{"log":"}\n","stream":"stdout","time":"2024-04-17T11:35:48.660971695Z"}
{"log":"Params: KI,051290\n","stream":"stdout","time":"2024-04-17T11:35:48.662067818Z"}
{"log":"Params: KI,051290\n","stream":"stdout","time":"2024-04-17T11:35:48.66215802Z"}
{"log":"Params: KI,051290\n","stream":"stdout","time":"2024-04-17T11:35:48.662392525Z"}
{"log":"Params: KI,051290\n","stream":"stdout","time":"2024-04-17T11:35:48.662496328Z"}
{"log":"Params: KI,051290\n","stream":"stdout","time":"2024-04-17T11:35:48.663677653Z"}
{"log":"Params: KI,051290\n","stream":"stdout","time":"2024-04-17T11:35:48.663772855Z"}
{"log":"Params: KI,051290\n","stream":"stdout","time":"2024-04-17T11:35:48.663937459Z"}
{"log":"gettin file from  {\n","stream":"stdout","time":"2024-04-17T11:35:48.664316267Z"}
{"log":"  rootpath: '.',\n","stream":"stdout","time":"2024-04-17T11:35:48.664326467Z"}
{"log":"  link: 'S:/1300-1399/StO 1384 FW Treptow/20236545 Inspektion',\n","stream":"stdout","time":"2024-04-17T11:35:48.664328967Z"}
{"log":"  filename: '__locally_added__1712575188000__locally_added__CAP4290352339201223824_jpg.maybe.jpg'\n","stream":"stdout","time":"2024-04-17T11:35:48.664331167Z"}
{"log":"}\n","stream":"stdout","time":"2024-04-17T11:35:48.664333467Z"}
{"log":"QueryRes[object Object]\n","stream":"stdout","time":"2024-04-17T11:35:48.664433369Z"}
{"log":"QueryRes[object Object]\n","stream":"stdout","time":"2024-04-17T11:35:48.664437869Z"}
{"log":"Params: KI,051290\n","stream":"stdout","time":"2024-04-17T11:35:48.665355189Z"}
{"log":"Params: KI,051290\n","stream":"stdout","time":"2024-04-17T11:35:48.665494292Z"}
{"log":"Params: KI,051290\n","stream":"stdout","time":"2024-04-17T11:35:48.665500392Z"}
{"log":"Params: KI,051290\n","stream":"stdout","time":"2024-04-17T11:35:48.672647746Z"}
{"log":"Params: KI,051290\n","stream":"stdout","time":"2024-04-17T11:35:48.672657246Z"}
{"log":"Params: 20236550,1910\n","stream":"stdout","time":"2024-04-17T11:35:48.673141156Z"}
{"log":"Params: KI,051290\n","stream":"stdout","time":"2024-04-17T11:35:48.673147356Z"}
{"log":"Params: KI,051290\n","stream":"stdout","time":"2024-04-17T11:35:48.673255459Z"}
{"log":"Params: KI,051290\n","stream":"stdout","time":"2024-04-17T11:35:48.673262259Z"}
{"log":"Params: KI,051290\n","stream":"stdout","time":"2024-04-17T11:35:48.673572165Z"}
{"log":"Params: KI,051290\n","stream":"stdout","time":"2024-04-17T11:35:48.673577766Z"}
{"log":"Params: KI,051290\n","stream":"stdout","time":"2024-04-17T11:35:48.673668468Z"}
{"log":"Params: KI,051290\n","stream":"stdout","time":"2024-04-17T11:35:48.675328603Z"}
{"log":"gettin file from  {\n","stream":"stdout","time":"2024-04-17T11:35:48.676676432Z"}
{"log":"  rootpath: '.',\n","stream":"stdout","time":"2024-04-17T11:35:48.676684932Z"}
{"log":"  link: 'S:/0300-0399/StO 0340 Trebbiner Str. 1-6/20246132 Inspektion',\n","stream":"stdout","time":"2024-04-17T11:35:48.676687332Z"}
{"log":"  filename: '__locally_added__1712732757000__locally_added__CAP2297934340617273971_jpg.maybe.jpg'\n","stream":"stdout","time":"2024-04-17T11:35:48.676689432Z"}
{"log":"}\n","stream":"stdout","time":"2024-04-17T11:35:48.676699133Z"}
{"log":"gettin file from  {\n","stream":"stdout","time":"2024-04-17T11:35:48.678156364Z"}
{"log":"  rootpath: '.',\n","stream":"stdout","time":"2024-04-17T11:35:48.678162364Z"}
{"log":"  link: 'S:/0700-0799/StO 0728 Wilskistr 79/20246135 Inspektion',\n","stream":"stdout","time":"2024-04-17T11:35:48.678164464Z"}
{"log":"  filename: '__locally_added__1712749273000__locally_added__CAP1736688760908477562_jpg.maybe.jpg'\n","stream":"stdout","time":"2024-04-17T11:35:48.678166464Z"}
{"log":"}\n","stream":"stdout","time":"2024-04-17T11:35:48.678168564Z"}
{"log":"gettin file from  {\n","stream":"stdout","time":"2024-04-17T11:35:48.678481071Z"}
{"log":"  rootpath: '.',\n","stream":"stdout","time":"2024-04-17T11:35:48.678486971Z"}
{"log":"  link: 'S:/1300-1399/StO 1384 FW Treptow/20236545 Inspektion',\n","stream":"stdout","time":"2024-04-17T11:35:48.678488871Z"}
{"log":"  filename: '__locally_added__1712581357000__locally_added__CAP4313762040255822464_jpg.maybe.jpg'\n","stream":"stdout","time":"2024-04-17T11:35:48.678490871Z"}
{"log":"}\n","stream":"stdout","time":"2024-04-17T11:35:48.678492771Z"}
{"log":"gettin file from  {\n","stream":"stdout","time":"2024-04-17T11:35:48.681736741Z"}
{"log":"  rootpath: '.',\n","stream":"stdout","time":"2024-04-17T11:35:48.681750141Z"}
{"log":"  link: 'S:/0700-0799/StO 0728 Wilskistr 79/20246135 Inspektion',\n","stream":"stdout","time":"2024-04-17T11:35:48.681753341Z"}
{"log":"  filename: '__locally_added__1712747730000__locally_added__CAP8478210023730532303_jpg.maybe.jpg'\n","stream":"stdout","time":"2024-04-17T11:35:48.681756141Z"}
{"log":"}\n","stream":"stdout","time":"2024-04-17T11:35:48.681758741Z"}
{"log":"gettin file from  {\n","stream":"stdout","time":"2024-04-17T11:35:48.682196351Z"}
{"log":"  rootpath: '.',\n","stream":"stdout","time":"2024-04-17T11:35:48.682205251Z"}
{"log":"  link: 'S:/4300-4399/StO 4322 Machandelweg 24 BVG Ausbildungsstätte/20246134 Inspektion',\n","stream":"stdout","time":"2024-04-17T11:35:48.682208151Z"}
{"log":"  filename: '__locally_added__1712739922000__locally_added__CAP6856528333164584490_jpg.maybe.jpg'\n","stream":"stdout","time":"2024-04-17T11:35:48.682211351Z"}
{"log":"}\n","stream":"stdout","time":"2024-04-17T11:35:48.682214151Z"}
{"log":"gettin file from  {\n","stream":"stdout","time":"2024-04-17T11:35:48.683883587Z"}
{"log":"  rootpath: '.',\n","stream":"stdout","time":"2024-04-17T11:35:48.683910888Z"}
{"log":"  link: 'S:/0500-0599/StO 0530 Kochstraße 22 Neubau/20236554 Inspektion',\n","stream":"stdout","time":"2024-04-17T11:35:48.683914388Z"}
{"log":"  filename: '__locally_added__1712656210000__locally_added__CAP3738143291214736179_jpg.maybe.jpg'\n","stream":"stdout","time":"2024-04-17T11:35:48.683917288Z"}
{"log":"}\n","stream":"stdout","time":"2024-04-17T11:35:48.683919988Z"}
{"log":"gettin file from  {\n","stream":"stdout","time":"2024-04-17T11:35:48.685553823Z"}
{"log":"  rootpath: '.',\n","stream":"stdout","time":"2024-04-17T11:35:48.685562823Z"}
{"log":"  link: 'S:/0700-0799/StO 0728 Wilskistr 79/20246135 Inspektion',\n","stream":"stdout","time":"2024-04-17T11:35:48.685565723Z"}
{"log":"  filename: '__locally_added__1712749273000__locally_added__CAP1186230195131803820_jpg.maybe.jpg'\n","stream":"stdout","time":"2024-04-17T11:35:48.685568523Z"}
{"log":"}\n","stream":"stdout","time":"2024-04-17T11:35:48.685571323Z"}
{"log":"gettin file from  {\n","stream":"stdout","time":"2024-04-17T11:35:48.686391841Z"}
{"log":"  rootpath: '.',\n","stream":"stdout","time":"2024-04-17T11:35:48.686399641Z"}
{"log":"  link: 'S:/0700-0799/StO 0728 Wilskistr 79/20246135 Inspektion',\n","stream":"stdout","time":"2024-04-17T11:35:48.686402641Z"}
{"log":"  filename: '__locally_added__1712747730000__locally_added__CAP3582316046411754466_jpg.maybe.jpg'\n","stream":"stdout","time":"2024-04-17T11:35:48.686405541Z"}
{"log":"}\n","stream":"stdout","time":"2024-04-17T11:35:48.686408241Z"}
{"log":"QueryRes[object Object]\n","stream":"stdout","time":"2024-04-17T11:35:48.687232659Z"}
{"log":"QueryRes[object Object]\n","stream":"stdout","time":"2024-04-17T11:35:48.687243659Z"}
{"log":"gettin file from  {\n","stream":"stdout","time":"2024-04-17T11:35:48.688005575Z"}
{"log":"  rootpath: '.',\n","stream":"stdout","time":"2024-04-17T11:35:48.688025476Z"}
{"log":"  link: 'S:/0700-0799/StO 0708 Machandelweg 24/20246133 Inspektion',\n","stream":"stdout","time":"2024-04-17T11:35:48.688028776Z"}
{"log":"  filename: '__locally_added__1712743306000__locally_added__CAP6292102893348953048_jpg.maybe.jpg'\n","stream":"stdout","time":"2024-04-17T11:35:48.688031476Z"}
{"log":"}\n","stream":"stdout","time":"2024-04-17T11:35:48.688034076Z"}
{"log":"gettin file from  {\n","stream":"stdout","time":"2024-04-17T11:35:48.68820148Z"}
{"log":"  rootpath: '.',\n","stream":"stdout","time":"2024-04-17T11:35:48.68821568Z"}
{"log":"  link: 'S:/0300-0399/StO 0340 Trebbiner Str. 1-6/20246132 Inspektion',\n","stream":"stdout","time":"2024-04-17T11:35:48.68821868Z"}
{"log":"  filename: '__locally_added__1712732708000__locally_added__CAP7066696031266310705_jpg.maybe.jpg'\n","stream":"stdout","time":"2024-04-17T11:35:48.68822148Z"}
{"log":"}\n","stream":"stdout","time":"2024-04-17T11:35:48.68822408Z"}
{"log":"gettin file from  {\n","stream":"stdout","time":"2024-04-17T11:35:48.692582974Z"}
{"log":"  rootpath: '.',\n","stream":"stdout","time":"2024-04-17T11:35:48.692600174Z"}
{"log":"  link: 'S:/1300-1399/StO 1384 FW Treptow/20236545 Inspektion',\n","stream":"stdout","time":"2024-04-17T11:35:48.692604474Z"}
{"log":"  filename: '__locally_added__1712576196000__locally_added__CAP3038630631184186550_jpg.maybe.jpg'\n","stream":"stdout","time":"2024-04-17T11:35:48.692608374Z"}
{"log":"}\n","stream":"stdout","time":"2024-04-17T11:35:48.692611974Z"}
{"log":"gettin file from  {\n","stream":"stdout","time":"2024-04-17T11:35:48.696483558Z"}
{"log":"  rootpath: '.',\n","stream":"stdout","time":"2024-04-17T11:35:48.696498658Z"}
{"log":"  link: 'S:/0700-0799/StO 0728 Wilskistr 79/20246135 Inspektion',\n","stream":"stdout","time":"2024-04-17T11:35:48.696502758Z"}
{"log":"  filename: '__locally_added__1712752037000__locally_added__CAP6380155988901221222_jpg.maybe.jpg'\n","stream":"stdout","time":"2024-04-17T11:35:48.696506358Z"}
{"log":"}\n","stream":"stdout","time":"2024-04-17T11:35:48.696510058Z"}
{"log":"gettin file from  {\n","stream":"stdout","time":"2024-04-17T11:35:48.697098971Z"}
{"log":"  rootpath: '.',\n","stream":"stdout","time":"2024-04-17T11:35:48.697110571Z"}
{"log":"  link: 'S:/0100-0199/StO 0151 Fürstenwalder Damm 739 (BVG)/20246131 Inspektion',\n","stream":"stdout","time":"2024-04-17T11:35:48.697117671Z"}
{"log":"  filename: '__locally_added__1712821996000__locally_added__CAP8272957629305258692_jpg.maybe.jpg'\n","stream":"stdout","time":"2024-04-17T11:35:48.697122071Z"}
{"log":"}\n","stream":"stdout","time":"2024-04-17T11:35:48.697130071Z"}
{"log":"gettin file from  {\n","stream":"stdout","time":"2024-04-17T11:35:48.697388077Z"}
{"log":"  rootpath: '.',\n","stream":"stdout","time":"2024-04-17T11:35:48.697398577Z"}
{"log":"  link: 'S:/0700-0799/StO 0732 Schulstraße 5-6/20246136 Inspektion',\n","stream":"stdout","time":"2024-04-17T11:35:48.697402477Z"}
{"log":"  filename: '__locally_added__1712911728000__locally_added__CAP9133179826755166423_jpg.maybe.jpg'\n","stream":"stdout","time":"2024-04-17T11:35:48.697406577Z"}
{"log":"}\n","stream":"stdout","time":"2024-04-17T11:35:48.697410277Z"}
{"log":"gettin file from  {\n","stream":"stdout","time":"2024-04-17T11:35:48.697776385Z"}
{"log":"  rootpath: '.',\n","stream":"stdout","time":"2024-04-17T11:35:48.697786686Z"}
{"log":"  link: 'S:/0700-0799/StO 0728 Wilskistr 79/20246135 Inspektion',\n","stream":"stdout","time":"2024-04-17T11:35:48.697790486Z"}
{"log":"  filename: '__locally_added__1712749273000__locally_added__CAP573760713025198388_jpg.maybe.jpg'\n","stream":"stdout","time":"2024-04-17T11:35:48.697794286Z"}
{"log":"}\n","stream":"stdout","time":"2024-04-17T11:35:48.697797986Z"}
{"log":"gettin file from  {\n","stream":"stdout","time":"2024-04-17T11:35:48.698020291Z"}
{"log":"  rootpath: '.',\n","stream":"stdout","time":"2024-04-17T11:35:48.698029191Z"}
{"log":"  link: 'S:/1000-1099/StO 1008 Planstr Ost 6/20246140 Inspektion',\n","stream":"stdout","time":"2024-04-17T11:35:48.698032991Z"}
{"log":"  filename: '__locally_added__1712836437000__locally_added__CAP250798817584659424_jpg.maybe.jpg'\n","stream":"stdout","time":"2024-04-17T11:35:48.698036591Z"}
{"log":"}\n","stream":"stdout","time":"2024-04-17T11:35:48.698040191Z"}
{"log":"gettin file from  {\n","stream":"stdout","time":"2024-04-17T11:35:48.699655126Z"}
{"log":"  rootpath: '.',\n","stream":"stdout","time":"2024-04-17T11:35:48.699668426Z"}
{"log":"  link: 'S:/0700-0799/StO 0728 Wilskistr 79/20246135 Inspektion',\n","stream":"stdout","time":"2024-04-17T11:35:48.699672126Z"}
{"log":"  filename: '__locally_added__1712752037000__locally_added__CAP7592590017664497642_jpg.maybe.jpg'\n","stream":"stdout","time":"2024-04-17T11:35:48.699675626Z"}
{"log":"}\n","stream":"stdout","time":"2024-04-17T11:35:48.699679226Z"}
{"log":"Params: 20236551,1910\n","stream":"stdout","time":"2024-04-17T11:35:48.700416542Z"}
{"log":"gettin file from  {\n","stream":"stdout","time":"2024-04-17T11:35:48.701622568Z"}
{"log":"  rootpath: '.',\n","stream":"stdout","time":"2024-04-17T11:35:48.701637968Z"}
{"log":"  link: 'S:/0700-0799/StO 0728 Wilskistr 79/20246135 Inspektion',\n","stream":"stdout","time":"2024-04-17T11:35:48.701642668Z"}
{"log":"  filename: '__locally_added__1712749644000__locally_added__CAP8719142056867650231_jpg.maybe.jpg'\n","stream":"stdout","time":"2024-04-17T11:35:48.701696169Z"}
{"log":"}\n","stream":"stdout","time":"2024-04-17T11:35:48.70170107Z"}
{"log":"gettin file from  {\n","stream":"stdout","time":"2024-04-17T11:35:48.70170497Z"}
{"log":"  rootpath: '.',\n","stream":"stdout","time":"2024-04-17T11:35:48.70170867Z"}
{"log":"  link: 'S:/0700-0799/StO 0728 Wilskistr 79/20246135 Inspektion',\n","stream":"stdout","time":"2024-04-17T11:35:48.70171237Z"}
{"log":"  filename: '__locally_added__1712752448000__locally_added__CAP6586700495119286435_jpg.maybe.jpg'\n","stream":"stdout","time":"2024-04-17T11:35:48.70171627Z"}
{"log":"}\n","stream":"stdout","time":"2024-04-17T11:35:48.70172027Z"}
{"log":"Params: KI,051290\n","stream":"stdout","time":"2024-04-17T11:35:48.70218228Z"}
{"log":"Params: KI,051290\n","stream":"stdout","time":"2024-04-17T11:35:48.702294782Z"}
{"log":"Params: KI,051290\n","stream":"stdout","time":"2024-04-17T11:35:48.702311383Z"}
{"log":"Params: KI,051290\n","stream":"stdout","time":"2024-04-17T11:35:48.702590689Z"}
{"log":"Params: KI,051290\n","stream":"stdout","time":"2024-04-17T11:35:48.70263269Z"}
{"log":"Params: KI,051290\n","stream":"stdout","time":"2024-04-17T11:35:48.702689391Z"}
{"log":"Params: KI,051290\n","stream":"stdout","time":"2024-04-17T11:35:48.702881095Z"}
{"log":"QueryRes[object Object]\n","stream":"stdout","time":"2024-04-17T11:35:48.707029384Z"}
{"log":"QueryRes[object Object]\n","stream":"stdout","time":"2024-04-17T11:35:48.707046684Z"}
{"log":"gettin file from  {\n","stream":"stdout","time":"2024-04-17T11:35:48.712027891Z"}
{"log":"  rootpath: '.',\n","stream":"stdout","time":"2024-04-17T11:35:48.712041692Z"}
{"log":"  link: 'S:/0700-0799/StO 0744 Blankenfelderstraße/20246137 Inspektion',\n","stream":"stdout","time":"2024-04-17T11:35:48.712045092Z"}
{"log":"  filename: '__locally_added__1712899236000__locally_added__CAP7065037220916914720_jpg.maybe.jpg'\n","stream":"stdout","time":"2024-04-17T11:35:48.712048492Z"}
{"log":"}\n","stream":"stdout","time":"2024-04-17T11:35:48.712051392Z"}
{"log":"gettin file from  {\n","stream":"stdout","time":"2024-04-17T11:35:48.712224296Z"}
{"log":"  rootpath: '.',\n","stream":"stdout","time":"2024-04-17T11:35:48.712230996Z"}
{"log":"  link: 'S:/0700-0799/StO 0744 Blankenfelderstraße/20246137 Inspektion',\n","stream":"stdout","time":"2024-04-17T11:35:48.712233996Z"}
{"log":"  filename: '__locally_added__1712899311000__locally_added__CAP8622694713298409258_jpg.maybe.jpg'\n","stream":"stdout","time":"2024-04-17T11:35:48.712236796Z"}
{"log":"}\n","stream":"stdout","time":"2024-04-17T11:35:48.712247596Z"}
{"log":"gettin file from  {\n","stream":"stdout","time":"2024-04-17T11:35:48.71290311Z"}
{"log":"  rootpath: '.',\n","stream":"stdout","time":"2024-04-17T11:35:48.71291441Z"}
{"log":"  link: 'S:/0700-0799/StO 0732 Schulstraße 5-6/20246136 Inspektion',\n","stream":"stdout","time":"2024-04-17T11:35:48.71291781Z"}
{"log":"  filename: '__locally_added__1712909366000__locally_added__CAP4354292350469240876_jpg.maybe.jpg'\n","stream":"stdout","time":"2024-04-17T11:35:48.712920911Z"}
{"log":"}\n","stream":"stdout","time":"2024-04-17T11:35:48.712923811Z"}
{"log":"Params: 20236548,1910\n","stream":"stdout","time":"2024-04-17T11:35:48.713073314Z"}
{"log":"gettin file from  {\n","stream":"stdout","time":"2024-04-17T11:35:48.715113558Z"}
{"log":"  rootpath: '.',\n","stream":"stdout","time":"2024-04-17T11:35:48.715126958Z"}
{"log":"  link: 'S:/0700-0799/StO 0744 Blankenfelderstraße/20246137 Inspektion',\n","stream":"stdout","time":"2024-04-17T11:35:48.715130358Z"}
{"log":"  filename: '__locally_added__1712903644000__locally_added__CAP3816152105459010629_jpg.maybe.jpg'\n","stream":"stdout","time":"2024-04-17T11:35:48.715133658Z"}
{"log":"}\n","stream":"stdout","time":"2024-04-17T11:35:48.715136658Z"}
{"log":"gettin file from  {\n","stream":"stdout","time":"2024-04-17T11:35:48.715649269Z"}
{"log":"  rootpath: '.',\n","stream":"stdout","time":"2024-04-17T11:35:48.715659869Z"}
{"log":"  link: 'S:/0700-0799/StO 0732 Schulstraße 5-6/20246136 Inspektion',\n","stream":"stdout","time":"2024-04-17T11:35:48.715663369Z"}
{"log":"  filename: '__locally_added__1712911728000__locally_added__CAP2176665392229861544_jpg.maybe.jpg'\n","stream":"stdout","time":"2024-04-17T11:35:48.71566657Z"}
{"log":"}\n","stream":"stdout","time":"2024-04-17T11:35:48.71566967Z"}
{"log":"QueryRes[object Object]\n","stream":"stdout","time":"2024-04-17T11:35:48.71616098Z"}
{"log":"QueryRes[object Object]\n","stream":"stdout","time":"2024-04-17T11:35:48.71617098Z"}
{"log":"Params: 20236546,1910\n","stream":"stdout","time":"2024-04-17T11:35:48.718188024Z"}
{"log":"QueryRes[object Object]\n","stream":"stdout","time":"2024-04-17T11:35:48.720613976Z"}
{"log":"QueryRes[object Object]\n","stream":"stdout","time":"2024-04-17T11:35:48.720627876Z"}
{"log":"gettin file from  {\n","stream":"stdout","time":"2024-04-17T11:35:48.725230375Z"}
{"log":"  rootpath: '.',\n","stream":"stdout","time":"2024-04-17T11:35:48.725240875Z"}
{"log":"  link: 'S:/1000-1099/StO 1008 Planstr Ost 6/20246140 Inspektion',\n","stream":"stdout","time":"2024-04-17T11:35:48.725243375Z"}
{"log":"  filename: '__locally_added__1712836232000__locally_added__CAP4662023584804337818_jpg.maybe.jpg'\n","stream":"stdout","time":"2024-04-17T11:35:48.725245575Z"}
{"log":"}\n","stream":"stdout","time":"2024-04-17T11:35:48.725247575Z"}
{"log":"gettin file from  {\n","stream":"stdout","time":"2024-04-17T11:35:48.725396678Z"}
{"log":"  rootpath: '.',\n","stream":"stdout","time":"2024-04-17T11:35:48.725400979Z"}
{"log":"  link: 'S:/0100-0199/StO 0151 Fürstenwalder Damm 739 (BVG)/20246131 Inspektion',\n","stream":"stdout","time":"2024-04-17T11:35:48.725402979Z"}
{"log":"  filename: '__locally_added__1712815394000__locally_added__CAP6810927790213154584_jpg.maybe.jpg'\n","stream":"stdout","time":"2024-04-17T11:35:48.725405379Z"}
{"log":"}\n","stream":"stdout","time":"2024-04-17T11:35:48.725407379Z"}
{"log":"Params: 20236545,1910\n","stream":"stdout","time":"2024-04-17T11:35:48.732972241Z"}
{"log":"QueryRes[object Object]\n","stream":"stdout","time":"2024-04-17T11:35:48.73525159Z"}
{"log":"QueryRes[object Object]\n","stream":"stdout","time":"2024-04-17T11:35:48.73526149Z"}
{"log":"Params: 20246132,1910\n","stream":"stdout","time":"2024-04-17T11:35:48.741708729Z"}
{"log":"QueryRes[object Object]\n","stream":"stdout","time":"2024-04-17T11:35:48.743995878Z"}
{"log":"QueryRes[object Object]\n","stream":"stdout","time":"2024-04-17T11:35:48.744005878Z"}
{"log":"Params: 20246134,1910\n","stream":"stdout","time":"2024-04-17T11:35:48.74921769Z"}
{"log":"QueryRes[object Object]\n","stream":"stdout","time":"2024-04-17T11:35:48.751126531Z"}
{"log":"QueryRes[object Object]\n","stream":"stdout","time":"2024-04-17T11:35:48.751136731Z"}
{"log":"Params: 20246133,1910\n","stream":"stdout","time":"2024-04-17T11:35:48.753047772Z"}
{"log":"QueryRes[object Object]\n","stream":"stdout","time":"2024-04-17T11:35:48.755297921Z"}
{"log":"QueryRes[object Object]\n","stream":"stdout","time":"2024-04-17T11:35:48.755305521Z"}
{"log":"Params: KI,051290\n","stream":"stdout","time":"2024-04-17T11:35:48.756243141Z"}
{"log":"Params: 20246156,1910\n","stream":"stdout","time":"2024-04-17T11:35:48.756526647Z"}
{"log":"QueryRes[object Object]\n","stream":"stdout","time":"2024-04-17T11:35:48.75852659Z"}
{"log":"QueryRes[object Object]\n","stream":"stdout","time":"2024-04-17T11:35:48.75853099Z"}
{"log":"Params: 20246135,1910\n","stream":"stdout","time":"2024-04-17T11:35:48.759541112Z"}
{"log":"QueryRes[object Object]\n","stream":"stdout","time":"2024-04-17T11:35:48.761659357Z"}
{"log":"QueryRes[object Object]\n","stream":"stdout","time":"2024-04-17T11:35:48.761663357Z"}
{"log":"Params: 20246131,1910\n","stream":"stdout","time":"2024-04-17T11:35:48.766281157Z"}
{"log":"QueryRes[object Object]\n","stream":"stdout","time":"2024-04-17T11:35:48.768401202Z"}
{"log":"QueryRes[object Object]\n","stream":"stdout","time":"2024-04-17T11:35:48.768412802Z"}
{"log":"Params: 20246138,1910\n","stream":"stdout","time":"2024-04-17T11:35:48.771353665Z"}
{"log":"gettin file from  {\n","stream":"stdout","time":"2024-04-17T11:35:48.772221784Z"}
{"log":"  rootpath: '.',\n","stream":"stdout","time":"2024-04-17T11:35:48.772232584Z"}
{"log":"  link: 'S:/0500-0599/StO 0530 Kochstraße 22 Neubau/20236554 Inspektion',\n","stream":"stdout","time":"2024-04-17T11:35:48.772235884Z"}
{"log":"  filename: '__locally_added__1712650624000__locally_added__CAP5991536482088259743_jpg.maybe.jpg'\n","stream":"stdout","time":"2024-04-17T11:35:48.772241785Z"}
{"log":"}\n","stream":"stdout","time":"2024-04-17T11:35:48.772244485Z"}
{"log":"QueryRes[object Object]\n","stream":"stdout","time":"2024-04-17T11:35:48.775528255Z"}
{"log":"QueryRes[object Object]\n","stream":"stdout","time":"2024-04-17T11:35:48.775543055Z"}
{"log":"Params: 20246140,1910\n","stream":"stdout","time":"2024-04-17T11:35:48.778191012Z"}
{"log":"QueryRes[object Object]\n","stream":"stdout","time":"2024-04-17T11:35:48.780759467Z"}
{"log":"QueryRes[object Object]\n","stream":"stdout","time":"2024-04-17T11:35:48.780769968Z"}
{"log":"Params: 20246136,1910\n","stream":"stdout","time":"2024-04-17T11:35:48.783290422Z"}
{"log":"QueryRes[object Object]\n","stream":"stdout","time":"2024-04-17T11:35:48.785561071Z"}
{"log":"QueryRes[object Object]\n","stream":"stdout","time":"2024-04-17T11:35:48.785573171Z"}
{"log":"Params: 20246137,1910\n","stream":"stdout","time":"2024-04-17T11:35:48.789413553Z"}
{"log":"QueryRes[object Object]\n","stream":"stdout","time":"2024-04-17T11:35:48.791507898Z"}
{"log":"QueryRes[object Object]\n","stream":"stdout","time":"2024-04-17T11:35:48.791525599Z"}
{"log":"Params: KI,051290\n","stream":"stdout","time":"2024-04-17T11:35:48.971503964Z"}
{"log":"gettin file from  {\n","stream":"stdout","time":"2024-04-17T11:35:48.99041167Z"}
{"log":"  rootpath: '.',\n","stream":"stdout","time":"2024-04-17T11:35:48.990454371Z"}
{"log":"  link: 'S:/0800-0899/StO 0820 FW Hellersdorf  Kummerower Ring 80/20236548 Inspektion',\n","stream":"stdout","time":"2024-04-17T11:35:48.990465271Z"}
{"log":"  filename: '__locally_added__1712557210000__locally_added__CAP5514209328180520151_jpg.maybe.jpg'\n","stream":"stdout","time":"2024-04-17T11:35:48.990473971Z"}
{"log":"}\n","stream":"stdout","time":"2024-04-17T11:35:48.990482071Z"}
{"log":"Params: KI,051290\n","stream":"stdout","time":"2024-04-17T11:35:49.009823687Z"}
{"log":"Params: KI,051290\n","stream":"stdout","time":"2024-04-17T11:35:49.013729171Z"}
{"log":"Params: KI,051290\n","stream":"stdout","time":"2024-04-17T11:35:49.014831794Z"}
{"log":"gettin file from  {\n","stream":"stdout","time":"2024-04-17T11:35:49.027446165Z"}
{"log":"  rootpath: '.',\n","stream":"stdout","time":"2024-04-17T11:35:49.027506567Z"}
{"log":"  link: 'S:/15200-15299/StO 15216 FF Friedrichshagen Müggelseedamm 178/20236546 Inspektion',\n","stream":"stdout","time":"2024-04-17T11:35:49.027518067Z"}
{"log":"  filename: '__locally_added__1712565732000__locally_added__CAP1846879038905944387_jpg.maybe.jpg'\n","stream":"stdout","time":"2024-04-17T11:35:49.027527967Z"}
{"log":"}\n","stream":"stdout","time":"2024-04-17T11:35:49.027535867Z"}
{"log":"gettin file from  {\n","stream":"stdout","time":"2024-04-17T11:35:49.033484795Z"}
{"log":"  rootpath: '.',\n","stream":"stdout","time":"2024-04-17T11:35:49.033669099Z"}
{"log":"  link: 'S:/1300-1399/StO 1384 FW Treptow/20236545 Inspektion',\n","stream":"stdout","time":"2024-04-17T11:35:49.033811902Z"}
{"log":"  filename: '__locally_added__1712575188000__locally_added__CAP2076790640973012590_jpg.maybe.jpg'\n","stream":"stdout","time":"2024-04-17T11:35:49.033844303Z"}
{"log":"}\n","stream":"stdout","time":"2024-04-17T11:35:49.033955105Z"}
{"log":"gettin file from  {\n","stream":"stdout","time":"2024-04-17T11:35:49.034614919Z"}
{"log":"  rootpath: '.',\n","stream":"stdout","time":"2024-04-17T11:35:49.03464142Z"}
{"log":"  link: 'S:/4300-4399/StO 4322 Machandelweg 24 BVG Ausbildungsstätte/20246134 Inspektion',\n","stream":"stdout","time":"2024-04-17T11:35:49.03465082Z"}
{"log":"  filename: '__locally_added__1712739922000__locally_added__CAP1236086962813616850_jpg.maybe.jpg'\n","stream":"stdout","time":"2024-04-17T11:35:49.03466012Z"}
{"log":"}\n","stream":"stdout","time":"2024-04-17T11:35:49.03466812Z"}
{"log":"Params: KI,051290\n","stream":"stdout","time":"2024-04-17T11:35:49.052164796Z"}
{"log":"Params: KI,051290\n","stream":"stdout","time":"2024-04-17T11:35:49.05281631Z"}
{"log":"Params: KI,051290\n","stream":"stdout","time":"2024-04-17T11:35:49.053384922Z"}
{"log":"Params: KI,051290\n","stream":"stdout","time":"2024-04-17T11:35:49.053907034Z"}
{"log":"Params: KI,051290\n","stream":"stdout","time":"2024-04-17T11:35:49.054429745Z"}
{"log":"gettin file from  {\n","stream":"stdout","time":"2024-04-17T11:35:49.071105503Z"}
{"log":"  rootpath: '.',\n","stream":"stdout","time":"2024-04-17T11:35:49.071144404Z"}
{"log":"  link: 'S:/0700-0799/StO 0746 Wendenschloßstraße 138 (BVG)/20246138 Inspektion',\n","stream":"stdout","time":"2024-04-17T11:35:49.071154604Z"}
{"log":"  filename: '__locally_added__1712827453000__locally_added__CAP6431260014139234947_jpg.maybe.jpg'\n","stream":"stdout","time":"2024-04-17T11:35:49.071172805Z"}
{"log":"}\n","stream":"stdout","time":"2024-04-17T11:35:49.071181105Z"}
{"log":"gettin file from  {\n","stream":"stdout","time":"2024-04-17T11:35:49.073255149Z"}
{"log":"  rootpath: '.',\n","stream":"stdout","time":"2024-04-17T11:35:49.07330185Z"}
{"log":"  link: 'S:/0300-0399/StO 0340 Trebbiner Str. 1-6/20246132 Inspektion',\n","stream":"stdout","time":"2024-04-17T11:35:49.07331155Z"}
{"log":"  filename: '__locally_added__1712726473000__locally_added__CAP5263399794371227760_jpg.maybe.jpg'\n","stream":"stdout","time":"2024-04-17T11:35:49.073320151Z"}
{"log":"}\n","stream":"stdout","time":"2024-04-17T11:35:49.073328851Z"}
{"log":"gettin file from  {\n","stream":"stdout","time":"2024-04-17T11:35:49.081787933Z"}
{"log":"  rootpath: '.',\n","stream":"stdout","time":"2024-04-17T11:35:49.081829533Z"}
{"log":"  link: 'S:/0100-0199/StO 0151 Fürstenwalder Damm 739 (BVG)/20246131 Inspektion',\n","stream":"stdout","time":"2024-04-17T11:35:49.081840034Z"}
{"log":"  filename: '__locally_added__1712812816000__locally_added__CAP2358133443436133463_jpg.maybe.jpg'\n","stream":"stdout","time":"2024-04-17T11:35:49.081849234Z"}
{"log":"}\n","stream":"stdout","time":"2024-04-17T11:35:49.081857234Z"}
{"log":"gettin file from  {\n","stream":"stdout","time":"2024-04-17T11:35:49.084646794Z"}
{"log":"  rootpath: '.',\n","stream":"stdout","time":"2024-04-17T11:35:49.084697195Z"}
{"log":"  link: 'S:/0700-0799/StO 0744 Blankenfelderstraße/20246137 Inspektion',\n","stream":"stdout","time":"2024-04-17T11:35:49.084707595Z"}
{"log":"  filename: '__locally_added__1712903644000__locally_added__CAP1912074305847063655_jpg.maybe.jpg'\n","stream":"stdout","time":"2024-04-17T11:35:49.084736196Z"}
{"log":"}\n","stream":"stdout","time":"2024-04-17T11:35:49.084744696Z"}
{"log":"gettin file from  {\n","stream":"stdout","time":"2024-04-17T11:35:49.085109704Z"}
{"log":"  rootpath: '.',\n","stream":"stdout","time":"2024-04-17T11:35:49.085133704Z"}
{"log":"  link: 'S:/0100-0199/StO 0151 Fürstenwalder Damm 739 (BVG)/20246131 Inspektion',\n","stream":"stdout","time":"2024-04-17T11:35:49.085142305Z"}
{"log":"  filename: '__locally_added__1712812816000__locally_added__CAP113033181422273743_jpg.maybe.jpg'\n","stream":"stdout","time":"2024-04-17T11:35:49.085150705Z"}
{"log":"}\n","stream":"stdout","time":"2024-04-17T11:35:49.085158805Z"}
{"log":"Params: KI,051290\n","stream":"stdout","time":"2024-04-17T11:35:50.233882978Z"}
{"log":"Params: KI,051290\n","stream":"stdout","time":"2024-04-17T11:35:50.248552393Z"}
{"log":"gettin file from  {\n","stream":"stdout","time":"2024-04-17T11:35:50.252301373Z"}
{"log":"  rootpath: '.',\n","stream":"stdout","time":"2024-04-17T11:35:50.252354874Z"}
{"log":"  link: 'S:/0500-0599/StO 0545 Potsdamer Platz - debis/20236550 Inspektion',\n","stream":"stdout","time":"2024-04-17T11:35:50.252365975Z"}
{"log":"  filename: '__locally_added__1712641960000__locally_added__CAP8385313163374859010_jpg.maybe.jpg'\n","stream":"stdout","time":"2024-04-17T11:35:50.252374375Z"}
{"log":"}\n","stream":"stdout","time":"2024-04-17T11:35:50.252383275Z"}
{"log":"Params: KI,051290\n","stream":"stdout","time":"2024-04-17T11:35:50.264823142Z"}
{"log":"Params: KI,051290\n","stream":"stdout","time":"2024-04-17T11:35:50.267377497Z"}
{"log":"gettin file from  {\n","stream":"stdout","time":"2024-04-17T11:35:50.268740326Z"}
{"log":"  rootpath: '.',\n","stream":"stdout","time":"2024-04-17T11:35:50.268778727Z"}
{"log":"  link: 'S:/0800-0899/StO 0820 FW Hellersdorf  Kummerower Ring 80/20236548 Inspektion',\n","stream":"stdout","time":"2024-04-17T11:35:50.268788927Z"}
{"log":"  filename: '__locally_added__1712557210000__locally_added__CAP5514209328180520151_jpg.maybe.jpg'\n","stream":"stdout","time":"2024-04-17T11:35:50.268797528Z"}
{"log":"}\n","stream":"stdout","time":"2024-04-17T11:35:50.268805728Z"}
{"log":"Params: KI,051290\n","stream":"stdout","time":"2024-04-17T11:35:50.273998339Z"}
{"log":"Params: KI,051290\n","stream":"stdout","time":"2024-04-17T11:35:50.274854558Z"}
{"log":"Params: KI,051290\n","stream":"stdout","time":"2024-04-17T11:35:50.278088727Z"}
{"log":"Params: KI,051290\n","stream":"stdout","time":"2024-04-17T11:35:50.27867354Z"}
{"log":"Params: KI,051290\n","stream":"stdout","time":"2024-04-17T11:35:50.282095013Z"}
{"log":"gettin file from  {\n","stream":"stdout","time":"2024-04-17T11:35:50.286859716Z"}
{"log":"  rootpath: '.',\n","stream":"stdout","time":"2024-04-17T11:35:50.286946817Z"}
{"log":"  link: 'S:/0100-0199/StO 0151 Fürstenwalder Damm 739 (BVG)/20246131 Inspektion',\n","stream":"stdout","time":"2024-04-17T11:35:50.286957818Z"}
{"log":"  filename: '__locally_added__1712812816000__locally_added__CAP113033181422273743_jpg.maybe.jpg'\n","stream":"stdout","time":"2024-04-17T11:35:50.286967518Z"}
{"log":"}\n","stream":"stdout","time":"2024-04-17T11:35:50.286975618Z"}
{"log":"gettin file from  {\n","stream":"stdout","time":"2024-04-17T11:35:50.290007883Z"}
{"log":"  rootpath: '.',\n","stream":"stdout","time":"2024-04-17T11:35:50.290079985Z"}
{"log":"  link: 'S:/0700-0799/StO 0728 Wilskistr 79/20246135 Inspektion',\n","stream":"stdout","time":"2024-04-17T11:35:50.290200587Z"}
{"log":"  filename: '__locally_added__1712747730000__locally_added__CAP8478210023730532303_jpg.maybe.jpg'\n","stream":"stdout","time":"2024-04-17T11:35:50.290231888Z"}
{"log":"}\n","stream":"stdout","time":"2024-04-17T11:35:50.29030769Z"}
{"log":"Params: KI,051290\n","stream":"stdout","time":"2024-04-17T11:35:50.290967004Z"}
{"log":"gettin file from  {\n","stream":"stdout","time":"2024-04-17T11:35:50.291595217Z"}
{"log":"  rootpath: '.',\n","stream":"stdout","time":"2024-04-17T11:35:50.291645318Z"}
{"log":"  link: 'S:/0300-0399/StO 0340 Trebbiner Str. 1-6/20246132 Inspektion',\n","stream":"stdout","time":"2024-04-17T11:35:50.291746021Z"}
{"log":"  filename: '__locally_added__1712728989000__locally_added__CAP4790383891722316242_jpg.maybe.jpg'\n","stream":"stdout","time":"2024-04-17T11:35:50.291773821Z"}
{"log":"}\n","stream":"stdout","time":"2024-04-17T11:35:50.291852923Z"}
{"log":"gettin file from  {\n","stream":"stdout","time":"2024-04-17T11:35:50.293247853Z"}
{"log":"  rootpath: '.',\n","stream":"stdout","time":"2024-04-17T11:35:50.293353655Z"}
{"log":"  link: 'S:/0700-0799/StO 0728 Wilskistr 79/20246135 Inspektion',\n","stream":"stdout","time":"2024-04-17T11:35:50.293452057Z"}
{"log":"  filename: '__locally_added__1712752037000__locally_added__CAP7592590017664497642_jpg.maybe.jpg'\n","stream":"stdout","time":"2024-04-17T11:35:50.293480658Z"}
{"log":"}\n","stream":"stdout","time":"2024-04-17T11:35:50.29358576Z"}
{"log":"Params: KI,051290\n","stream":"stdout","time":"2024-04-17T11:35:50.30567372Z"}
{"log":"gettin file from  {\n","stream":"stdout","time":"2024-04-17T11:35:50.308895389Z"}
{"log":"  rootpath: '.',\n","stream":"stdout","time":"2024-04-17T11:35:50.308988991Z"}
{"log":"  link: 'S:/4300-4399/StO 4322 Machandelweg 24 BVG Ausbildungsstätte/20246134 Inspektion',\n","stream":"stdout","time":"2024-04-17T11:35:50.309099593Z"}
{"log":"  filename: '__locally_added__1712739922000__locally_added__CAP6856528333164584490_jpg.maybe.jpg'\n","stream":"stdout","time":"2024-04-17T11:35:50.309131794Z"}
{"log":"}\n","stream":"stdout","time":"2024-04-17T11:35:50.309202195Z"}
{"log":"gettin file from  {\n","stream":"stdout","time":"2024-04-17T11:35:50.311410843Z"}
{"log":"  rootpath: '.',\n","stream":"stdout","time":"2024-04-17T11:35:50.312105558Z"}
{"log":"  link: 'S:/0700-0799/StO 0728 Wilskistr 79/20246135 Inspektion',\n","stream":"stdout","time":"2024-04-17T11:35:50.312161559Z"}
{"log":"  filename: '__locally_added__1712752037000__locally_added__CAP6380155988901221222_jpg.maybe.jpg'\n","stream":"stdout","time":"2024-04-17T11:35:50.312257061Z"}
{"log":"}\n","stream":"stdout","time":"2024-04-17T11:35:50.312286162Z"}
{"log":"gettin file from  {\n","stream":"stdout","time":"2024-04-17T11:35:50.31360239Z"}
{"log":"  rootpath: '.',\n","stream":"stdout","time":"2024-04-17T11:35:50.313666691Z"}
{"log":"  link: 'S:/0700-0799/StO 0728 Wilskistr 79/20246135 Inspektion',\n","stream":"stdout","time":"2024-04-17T11:35:50.313730993Z"}
{"log":"  filename: '__locally_added__1712752448000__locally_added__CAP6586700495119286435_jpg.maybe.jpg'\n","stream":"stdout","time":"2024-04-17T11:35:50.313751393Z"}
{"log":"}\n","stream":"stdout","time":"2024-04-17T11:35:50.313802794Z"}
{"log":"gettin file from  {\n","stream":"stdout","time":"2024-04-17T11:35:50.314563411Z"}
{"log":"  rootpath: '.',\n","stream":"stdout","time":"2024-04-17T11:35:50.314616712Z"}
{"log":"  link: 'S:/1000-1099/StO 1008 Planstr Ost 6/20246140 Inspektion',\n","stream":"stdout","time":"2024-04-17T11:35:50.314679413Z"}
{"log":"  filename: '__locally_added__1712836232000__locally_added__CAP4662023584804337818_jpg.maybe.jpg'\n","stream":"stdout","time":"2024-04-17T11:35:50.314700014Z"}
{"log":"}\n","stream":"stdout","time":"2024-04-17T11:35:50.314746715Z"}
{"log":"Params: KI,051290\n","stream":"stdout","time":"2024-04-17T11:35:50.323261897Z"}
{"log":"gettin file from  {\n","stream":"stdout","time":"2024-04-17T11:35:50.327465388Z"}
{"log":"  rootpath: '.',\n","stream":"stdout","time":"2024-04-17T11:35:50.327502089Z"}
{"log":"  link: 'S:/0700-0799/StO 0744 Blankenfelderstraße/20246137 Inspektion',\n","stream":"stdout","time":"2024-04-17T11:35:50.32755429Z"}
{"log":"  filename: '__locally_added__1712903644000__locally_added__CAP1912074305847063655_jpg.maybe.jpg'\n","stream":"stdout","time":"2024-04-17T11:35:50.32756879Z"}
{"log":"}\n","stream":"stdout","time":"2024-04-17T11:35:50.327603291Z"}
{"log":"Params: KI,051290\n","stream":"stdout","time":"2024-04-17T11:35:50.330093544Z"}
{"log":"Params: KI,051290\n","stream":"stdout","time":"2024-04-17T11:35:50.330654456Z"}
{"log":"gettin file from  {\n","stream":"stdout","time":"2024-04-17T11:35:50.339772952Z"}
{"log":"  rootpath: '.',\n","stream":"stdout","time":"2024-04-17T11:35:50.339797453Z"}
{"log":"  link: 'S:/0700-0799/StO 0744 Blankenfelderstraße/20246137 Inspektion',\n","stream":"stdout","time":"2024-04-17T11:35:50.339864154Z"}
{"log":"  filename: '__locally_added__1712899311000__locally_added__CAP8622694713298409258_jpg.maybe.jpg'\n","stream":"stdout","time":"2024-04-17T11:35:50.339910055Z"}
{"log":"}\n","stream":"stdout","time":"2024-04-17T11:35:50.339945056Z"}
{"log":"gettin file from  {\n","stream":"stdout","time":"2024-04-17T11:35:50.347076409Z"}
{"log":"  rootpath: '.',\n","stream":"stdout","time":"2024-04-17T11:35:50.347089009Z"}
{"log":"  link: 'S:/1300-1399/StO 1384 FW Treptow/20236545 Inspektion',\n","stream":"stdout","time":"2024-04-17T11:35:50.347092009Z"}
{"log":"  filename: '__locally_added__1712575188000__locally_added__CAP2076790640973012590_jpg.maybe.jpg'\n","stream":"stdout","time":"2024-04-17T11:35:50.347094509Z"}
{"log":"}\n","stream":"stdout","time":"2024-04-17T11:35:50.347096809Z"}
{"log":"gettin file from  {\n","stream":"stdout","time":"2024-04-17T11:35:50.348154732Z"}
{"log":"  rootpath: '.',\n","stream":"stdout","time":"2024-04-17T11:35:50.348168132Z"}
{"log":"  link: 'S:/0500-0599/StO 0545 Potsdamer Platz - debis/20236550 Inspektion',\n","stream":"stdout","time":"2024-04-17T11:35:50.348170933Z"}
{"log":"  filename: '__locally_added__1712642058000__locally_added__CAP710435140201825871_jpg.maybe.jpg'\n","stream":"stdout","time":"2024-04-17T11:35:50.348173333Z"}
{"log":"}\n","stream":"stdout","time":"2024-04-17T11:35:50.348175633Z"}
{"log":"Params: KI,051290\n","stream":"stdout","time":"2024-04-17T11:35:50.494869084Z"}
{"log":"Params: KI,051290\n","stream":"stdout","time":"2024-04-17T11:35:50.504194984Z"}
{"log":"gettin file from  {\n","stream":"stdout","time":"2024-04-17T11:35:50.514116897Z"}
{"log":"  rootpath: '.',\n","stream":"stdout","time":"2024-04-17T11:35:50.514157398Z"}
{"log":"  link: 'S:/0500-0599/StO 0530 Kochstraße 22 Neubau/20236554 Inspektion',\n","stream":"stdout","time":"2024-04-17T11:35:50.514167798Z"}
{"log":"  filename: '__locally_added__1712655011000__locally_added__CAP8569117866631597257_jpg.maybe.jpg'\n","stream":"stdout","time":"2024-04-17T11:35:50.514178798Z"}
{"log":"}\n","stream":"stdout","time":"2024-04-17T11:35:50.514188099Z"}
{"log":"gettin file from  {\n","stream":"stdout","time":"2024-04-17T11:35:50.522024967Z"}
{"log":"  rootpath: '.',\n","stream":"stdout","time":"2024-04-17T11:35:50.522066668Z"}
{"log":"  link: 'S:/0500-0599/StO 0545 Potsdamer Platz - debis/20236550 Inspektion',\n","stream":"stdout","time":"2024-04-17T11:35:50.522077168Z"}
{"log":"  filename: '__locally_added__1712642058000__locally_added__CAP3373348435886993769_jpg.maybe.jpg'\n","stream":"stdout","time":"2024-04-17T11:35:50.522085768Z"}
{"log":"}\n","stream":"stdout","time":"2024-04-17T11:35:50.522094468Z"}
{"log":"Params: KI,051290\n","stream":"stdout","time":"2024-04-17T11:35:50.526714968Z"}
{"log":"Params: KI,051290\n","stream":"stdout","time":"2024-04-17T11:35:50.526781769Z"}
{"log":"gettin file from  {\n","stream":"stdout","time":"2024-04-17T11:35:50.543402026Z"}
{"log":"  rootpath: '.',\n","stream":"stdout","time":"2024-04-17T11:35:50.543443127Z"}
{"log":"  link: 'S:/0500-0599/StO 0530 Kochstraße 22 Neubau/20236554 Inspektion',\n","stream":"stdout","time":"2024-04-17T11:35:50.543454427Z"}
{"log":"  filename: '__locally_added__1712656210000__locally_added__CAP3738143291214736179_jpg.maybe.jpg'\n","stream":"stdout","time":"2024-04-17T11:35:50.543464927Z"}
{"log":"}\n","stream":"stdout","time":"2024-04-17T11:35:50.543473428Z"}
{"log":"gettin file from  {\n","stream":"stdout","time":"2024-04-17T11:35:50.545732876Z"}
{"log":"  rootpath: '.',\n","stream":"stdout","time":"2024-04-17T11:35:50.545771877Z"}
{"log":"  link: 'S:/0500-0599/StO 0545 Potsdamer Platz - debis/20236550 Inspektion',\n","stream":"stdout","time":"2024-04-17T11:35:50.545783277Z"}
{"log":"  filename: '__locally_added__1712641960000__locally_added__CAP9014899963328317786_jpg.maybe.jpg'\n","stream":"stdout","time":"2024-04-17T11:35:50.545792177Z"}
{"log":"}\n","stream":"stdout","time":"2024-04-17T11:35:50.545829778Z"}
{"log":"Params: KI,051290\n","stream":"stdout","time":"2024-04-17T11:35:50.590768944Z"}
{"log":"Params: KI,051290\n","stream":"stdout","time":"2024-04-17T11:35:50.591469959Z"}
{"log":"Params: KI,051290\n","stream":"stdout","time":"2024-04-17T11:35:50.594951133Z"}
{"log":"Params: KI,051290\n","stream":"stdout","time":"2024-04-17T11:35:50.595872453Z"}
{"log":"Params: KI,051290\n","stream":"stdout","time":"2024-04-17T11:35:50.598594912Z"}
{"log":"Params: KI,051290\n","stream":"stdout","time":"2024-04-17T11:35:50.600492452Z"}
{"log":"Params: KI,051290\n","stream":"stdout","time":"2024-04-17T11:35:50.600934862Z"}
{"log":"gettin file from  {\n","stream":"stdout","time":"2024-04-17T11:35:50.609018836Z"}
{"log":"  rootpath: '.',\n","stream":"stdout","time":"2024-04-17T11:35:50.609062136Z"}
{"log":"  link: 'S:/0700-0799/StO 0728 Wilskistr 79/20246135 Inspektion',\n","stream":"stdout","time":"2024-04-17T11:35:50.609072537Z"}
{"log":"  filename: '__locally_added__1712747730000__locally_added__CAP3582316046411754466_jpg.maybe.jpg'\n","stream":"stdout","time":"2024-04-17T11:35:50.609080937Z"}
{"log":"}\n","stream":"stdout","time":"2024-04-17T11:35:50.609089537Z"}
{"log":"gettin file from  {\n","stream":"stdout","time":"2024-04-17T11:35:50.611042079Z"}
{"log":"  rootpath: '.',\n","stream":"stdout","time":"2024-04-17T11:35:50.61107988Z"}
{"log":"  link: 'S:/1300-1399/StO 1384 FW Treptow/20236545 Inspektion',\n","stream":"stdout","time":"2024-04-17T11:35:50.61109028Z"}
{"log":"  filename: '__locally_added__1712581357000__locally_added__CAP4313762040255822464_jpg.maybe.jpg'\n","stream":"stdout","time":"2024-04-17T11:35:50.61109898Z"}
{"log":"}\n","stream":"stdout","time":"2024-04-17T11:35:50.61110718Z"}
{"log":"gettin file from  {\n","stream":"stdout","time":"2024-04-17T11:35:50.618610542Z"}
{"log":"  rootpath: '.',\n","stream":"stdout","time":"2024-04-17T11:35:50.618648942Z"}
{"log":"  link: 'S:/15200-15299/StO 15216 FF Friedrichshagen Müggelseedamm 178/20236546 Inspektion',\n","stream":"stdout","time":"2024-04-17T11:35:50.618659643Z"}
{"log":"  filename: '__locally_added__1712568216000__locally_added__CAP3103953399810637800_jpg.maybe.jpg'\n","stream":"stdout","time":"2024-04-17T11:35:50.618668943Z"}
{"log":"}\n","stream":"stdout","time":"2024-04-17T11:35:50.618676943Z"}
{"log":"gettin file from  {\n","stream":"stdout","time":"2024-04-17T11:35:50.622683729Z"}
{"log":"  rootpath: '.',\n","stream":"stdout","time":"2024-04-17T11:35:50.62272353Z"}
{"log":"  link: 'S:/0500-0599/StO 0545 Potsdamer Platz - debis/20236550 Inspektion',\n","stream":"stdout","time":"2024-04-17T11:35:50.62273383Z"}
{"log":"  filename: '__locally_added__1712646353000__locally_added__CAP550004965135875308_jpg.maybe.jpg'\n","stream":"stdout","time":"2024-04-17T11:35:50.622956035Z"}
{"log":"}\n","stream":"stdout","time":"2024-04-17T11:35:50.623363044Z"}
{"log":"gettin file from  {\n","stream":"stdout","time":"2024-04-17T11:35:50.624878876Z"}
{"log":"  rootpath: '.',\n","stream":"stdout","time":"2024-04-17T11:35:50.624908677Z"}
{"log":"  link: 'S:/0500-0599/StO 0530 Kochstraße 22 Neubau/20236554 Inspektion',\n","stream":"stdout","time":"2024-04-17T11:35:50.624917377Z"}
{"log":"  filename: '__locally_added__1712650624000__locally_added__CAP5014306883463681331_jpg.maybe.jpg'\n","stream":"stdout","time":"2024-04-17T11:35:50.624926277Z"}
{"log":"}\n","stream":"stdout","time":"2024-04-17T11:35:50.624934277Z"}
{"log":"gettin file from  {\n","stream":"stdout","time":"2024-04-17T11:35:50.626661714Z"}
{"log":"  rootpath: '.',\n","stream":"stdout","time":"2024-04-17T11:35:50.626690115Z"}
{"log":"  link: 'S:/1000-1099/StO 1008 Planstr Ost 6/20246140 Inspektion',\n","stream":"stdout","time":"2024-04-17T11:35:50.626698715Z"}
{"log":"  filename: '__locally_added__1712836437000__locally_added__CAP250798817584659424_jpg.maybe.jpg'\n","stream":"stdout","time":"2024-04-17T11:35:50.626706715Z"}
{"log":"}\n","stream":"stdout","time":"2024-04-17T11:35:50.626735716Z"}
{"log":"gettin file from  {\n","stream":"stdout","time":"2024-04-17T11:35:50.632309136Z"}
{"log":"  rootpath: '.',\n","stream":"stdout","time":"2024-04-17T11:35:50.632339236Z"}
{"log":"  link: 'S:/4300-4399/StO 4322 Machandelweg 24 BVG Ausbildungsstätte/20246134 Inspektion',\n","stream":"stdout","time":"2024-04-17T11:35:50.632348137Z"}
{"log":"  filename: '__locally_added__1712739922000__locally_added__CAP1236086962813616850_jpg.maybe.jpg'\n","stream":"stdout","time":"2024-04-17T11:35:50.632356837Z"}
{"log":"}\n","stream":"stdout","time":"2024-04-17T11:35:50.632364937Z"}
{"log":"Params: KI,051290\n","stream":"stdout","time":"2024-04-17T11:35:50.666163463Z"}
{"log":"Params: KI,051290\n","stream":"stdout","time":"2024-04-17T11:35:50.66929373Z"}
{"log":"Params: KI,051290\n","stream":"stdout","time":"2024-04-17T11:35:50.669670938Z"}
{"log":"Params: KI,051290\n","stream":"stdout","time":"2024-04-17T11:35:50.672948509Z"}
{"log":"Params: KI,051290\n","stream":"stdout","time":"2024-04-17T11:35:50.676850893Z"}
{"log":"Params: KI,051290\n","stream":"stdout","time":"2024-04-17T11:35:50.676983195Z"}
{"log":"gettin file from  {\n","stream":"stdout","time":"2024-04-17T11:35:50.687682225Z"}
{"log":"  rootpath: '.',\n","stream":"stdout","time":"2024-04-17T11:35:50.687722826Z"}
{"log":"  link: 'S:/0700-0799/StO 0708 Machandelweg 24/20246133 Inspektion',\n","stream":"stdout","time":"2024-04-17T11:35:50.687733126Z"}
{"log":"  filename: '__locally_added__1712743306000__locally_added__CAP6292102893348953048_jpg.maybe.jpg'\n","stream":"stdout","time":"2024-04-17T11:35:50.687741526Z"}
{"log":"}\n","stream":"stdout","time":"2024-04-17T11:35:50.687749427Z"}
{"log":"gettin file from  {\n","stream":"stdout","time":"2024-04-17T11:35:50.688095834Z"}
{"log":"  rootpath: '.',\n","stream":"stdout","time":"2024-04-17T11:35:50.688113234Z"}
{"log":"  link: 'S:/0100-0199/StO 0151 Fürstenwalder Damm 739 (BVG)/20246131 Inspektion',\n","stream":"stdout","time":"2024-04-17T11:35:50.688121735Z"}
{"log":"  filename: '__locally_added__1712812816000__locally_added__CAP2358133443436133463_jpg.maybe.jpg'\n","stream":"stdout","time":"2024-04-17T11:35:50.688410841Z"}
{"log":"}\n","stream":"stdout","time":"2024-04-17T11:35:50.688423541Z"}
{"log":"gettin file from  {\n","stream":"stdout","time":"2024-04-17T11:35:50.691481007Z"}
{"log":"  rootpath: '.',\n","stream":"stdout","time":"2024-04-17T11:35:50.691515308Z"}
{"log":"  link: 'S:/0700-0799/StO 0728 Wilskistr 79/20246135 Inspektion',\n","stream":"stdout","time":"2024-04-17T11:35:50.691578709Z"}
{"log":"  filename: '__locally_added__1712749273000__locally_added__CAP573760713025198388_jpg.maybe.jpg'\n","stream":"stdout","time":"2024-04-17T11:35:50.691587909Z"}
{"log":"}\n","stream":"stdout","time":"2024-04-17T11:35:50.691595509Z"}
{"log":"gettin file from  {\n","stream":"stdout","time":"2024-04-17T11:35:50.696076606Z"}
{"log":"  rootpath: '.',\n","stream":"stdout","time":"2024-04-17T11:35:50.696135107Z"}
{"log":"  link: 'S:/0300-0399/StO 0340 Trebbiner Str. 1-6/20246132 Inspektion',\n","stream":"stdout","time":"2024-04-17T11:35:50.696145007Z"}
{"log":"  filename: '__locally_added__1712726473000__locally_added__CAP5263399794371227760_jpg.maybe.jpg'\n","stream":"stdout","time":"2024-04-17T11:35:50.696153007Z"}
{"log":"}\n","stream":"stdout","time":"2024-04-17T11:35:50.696160207Z"}
{"log":"gettin file from  {\n","stream":"stdout","time":"2024-04-17T11:35:50.697895745Z"}
{"log":"  rootpath: '.',\n","stream":"stdout","time":"2024-04-17T11:35:50.697928145Z"}
{"log":"  link: 'S:/0300-0399/StO 0340 Trebbiner Str. 1-6/20246132 Inspektion',\n","stream":"stdout","time":"2024-04-17T11:35:50.697960146Z"}
{"log":"  filename: '__locally_added__1712732757000__locally_added__CAP2297934340617273971_jpg.maybe.jpg'\n","stream":"stdout","time":"2024-04-17T11:35:50.697968246Z"}
{"log":"}\n","stream":"stdout","time":"2024-04-17T11:35:50.697975446Z"}
{"log":"gettin file from  {\n","stream":"stdout","time":"2024-04-17T11:35:50.698570159Z"}
{"log":"  rootpath: '.',\n","stream":"stdout","time":"2024-04-17T11:35:50.69861296Z"}
{"log":"  link: 'S:/0700-0799/StO 0732 Schulstraße 5-6/20246136 Inspektion',\n","stream":"stdout","time":"2024-04-17T11:35:50.698640661Z"}
{"log":"  filename: '__locally_added__1712911728000__locally_added__CAP2176665392229861544_jpg.maybe.jpg'\n","stream":"stdout","time":"2024-04-17T11:35:50.698649161Z"}
{"log":"}\n","stream":"stdout","time":"2024-04-17T11:35:50.698656361Z"}
{"log":"Params: KI,051290\n","stream":"stdout","time":"2024-04-17T11:35:50.700069391Z"}
{"log":"Params: KI,051290\n","stream":"stdout","time":"2024-04-17T11:35:50.719978319Z"}
{"log":"gettin file from  {\n","stream":"stdout","time":"2024-04-17T11:35:50.733782415Z"}
{"log":"  rootpath: '.',\n","stream":"stdout","time":"2024-04-17T11:35:50.733797316Z"}
{"log":"  link: 'S:/0500-0599/StO 0530 Kochstraße 22 Neubau/20236554 Inspektion',\n","stream":"stdout","time":"2024-04-17T11:35:50.733800616Z"}
{"log":"  filename: '__locally_added__1712650624000__locally_added__CAP5991536482088259743_jpg.maybe.jpg'\n","stream":"stdout","time":"2024-04-17T11:35:50.733803516Z"}
{"log":"}\n","stream":"stdout","time":"2024-04-17T11:35:50.733816416Z"}
{"log":"Params: KI,051290\n","stream":"stdout","time":"2024-04-17T11:35:50.737902304Z"}
{"log":"gettin file from  {\n","stream":"stdout","time":"2024-04-17T11:35:50.739834745Z"}
{"log":"  rootpath: '.',\n","stream":"stdout","time":"2024-04-17T11:35:50.739851946Z"}
{"log":"  link: 'S:/0500-0599/StO 0530 Kochstraße 22 Neubau/20236554 Inspektion',\n","stream":"stdout","time":"2024-04-17T11:35:50.739856546Z"}
{"log":"  filename: '__locally_added__1712656193000__locally_added__CAP3229146762841543555_jpg.maybe.jpg'\n","stream":"stdout","time":"2024-04-17T11:35:50.739874646Z"}
{"log":"}\n","stream":"stdout","time":"2024-04-17T11:35:50.739878146Z"}
{"log":"Params: KI,051290\n","stream":"stdout","time":"2024-04-17T11:35:50.741031871Z"}
{"log":"gettin file from  {\n","stream":"stdout","time":"2024-04-17T11:35:50.77544191Z"}
{"log":"  rootpath: '.',\n","stream":"stdout","time":"2024-04-17T11:35:50.775518612Z"}
{"log":"  link: 'S:/1300-1399/StO 1384 FW Treptow/20236545 Inspektion',\n","stream":"stdout","time":"2024-04-17T11:35:50.775527012Z"}
{"log":"  filename: '__locally_added__1712576196000__locally_added__CAP3038630631184186550_jpg.maybe.jpg'\n","stream":"stdout","time":"2024-04-17T11:35:50.775532912Z"}
{"log":"}\n","stream":"stdout","time":"2024-04-17T11:35:50.775538412Z"}
{"log":"gettin file from  {\n","stream":"stdout","time":"2024-04-17T11:35:50.775625114Z"}
{"log":"  rootpath: '.',\n","stream":"stdout","time":"2024-04-17T11:35:50.775632614Z"}
{"log":"  link: 'S:/0700-0799/StO 0744 Blankenfelderstraße/20246137 Inspektion',\n","stream":"stdout","time":"2024-04-17T11:35:50.775638114Z"}
{"log":"  filename: '__locally_added__1712903644000__locally_added__CAP3816152105459010629_jpg.maybe.jpg'\n","stream":"stdout","time":"2024-04-17T11:35:50.775644215Z"}
{"log":"}\n","stream":"stdout","time":"2024-04-17T11:35:50.775665615Z"}
{"log":"Params: KI,051290\n","stream":"stdout","time":"2024-04-17T11:35:50.775671115Z"}
{"log":"Params: KI,051290\n","stream":"stdout","time":"2024-04-17T11:35:50.77637073Z"}
{"log":"Params: KI,051290\n","stream":"stdout","time":"2024-04-17T11:35:50.779908306Z"}
{"log":"gettin file from  {\n","stream":"stdout","time":"2024-04-17T11:35:50.792027867Z"}
{"log":"  rootpath: '.',\n","stream":"stdout","time":"2024-04-17T11:35:50.792062867Z"}
{"log":"  link: 'S:/0700-0799/StO 0732 Schulstraße 5-6/20246136 Inspektion',\n","stream":"stdout","time":"2024-04-17T11:35:50.792072367Z"}
{"log":"  filename: '__locally_added__1712911728000__locally_added__CAP9133179826755166423_jpg.maybe.jpg'\n","stream":"stdout","time":"2024-04-17T11:35:50.792084668Z"}
{"log":"}\n","stream":"stdout","time":"2024-04-17T11:35:50.792092768Z"}
{"log":"gettin file from  {\n","stream":"stdout","time":"2024-04-17T11:35:50.793466697Z"}
{"log":"  rootpath: '.',\n","stream":"stdout","time":"2024-04-17T11:35:50.793503498Z"}
{"log":"  link: 'S:/0300-0399/StO 0340 Trebbiner Str. 1-6/20246132 Inspektion',\n","stream":"stdout","time":"2024-04-17T11:35:50.793513898Z"}
{"log":"  filename: '__locally_added__1712732708000__locally_added__CAP7066696031266310705_jpg.maybe.jpg'\n","stream":"stdout","time":"2024-04-17T11:35:50.793552299Z"}
{"log":"}\n","stream":"stdout","time":"2024-04-17T11:35:50.793561099Z"}
{"log":"gettin file from  {\n","stream":"stdout","time":"2024-04-17T11:35:50.796895071Z"}
{"log":"  rootpath: '.',\n","stream":"stdout","time":"2024-04-17T11:35:50.796933572Z"}
{"log":"  link: 'S:/0700-0799/StO 0744 Blankenfelderstraße/20246137 Inspektion',\n","stream":"stdout","time":"2024-04-17T11:35:50.796943772Z"}
{"log":"  filename: '__locally_added__1712899236000__locally_added__CAP7065037220916914720_jpg.maybe.jpg'\n","stream":"stdout","time":"2024-04-17T11:35:50.796953272Z"}
{"log":"}\n","stream":"stdout","time":"2024-04-17T11:35:50.796961272Z"}
{"log":"Params: KI,051290\n","stream":"stdout","time":"2024-04-17T11:35:50.840693912Z"}
{"log":"Params: KI,051290\n","stream":"stdout","time":"2024-04-17T11:35:50.846706941Z"}
{"log":"Params: KI,051290\n","stream":"stdout","time":"2024-04-17T11:35:50.848942089Z"}
{"log":"Params: KI,051290\n","stream":"stdout","time":"2024-04-17T11:35:50.851358141Z"}
{"log":"Params: KI,051290\n","stream":"stdout","time":"2024-04-17T11:35:50.853803093Z"}
{"log":"Params: KI,051290\n","stream":"stdout","time":"2024-04-17T11:35:50.85504442Z"}
{"log":"Params: KI,051290\n","stream":"stdout","time":"2024-04-17T11:35:50.855451629Z"}
{"log":"Params: KI,051290\n","stream":"stdout","time":"2024-04-17T11:35:50.856089643Z"}
{"log":"Params: KI,051290\n","stream":"stdout","time":"2024-04-17T11:35:50.856656355Z"}
{"log":"Params: KI,051290\n","stream":"stdout","time":"2024-04-17T11:35:50.868309505Z"}
{"log":"gettin file from  {\n","stream":"stdout","time":"2024-04-17T11:35:50.870249447Z"}
{"log":"  rootpath: '.',\n","stream":"stdout","time":"2024-04-17T11:35:50.870319348Z"}
{"log":"  link: 'S:/0700-0799/StO 0728 Wilskistr 79/20246135 Inspektion',\n","stream":"stdout","time":"2024-04-17T11:35:50.870330248Z"}
{"log":"  filename: '__locally_added__1712749644000__locally_added__CAP8719142056867650231_jpg.maybe.jpg'\n","stream":"stdout","time":"2024-04-17T11:35:50.870339449Z"}
{"log":"}\n","stream":"stdout","time":"2024-04-17T11:35:50.870348949Z"}
{"log":"gettin file from  {\n","stream":"stdout","time":"2024-04-17T11:35:50.871658177Z"}
{"log":"  rootpath: '.',\n","stream":"stdout","time":"2024-04-17T11:35:50.871723978Z"}
{"log":"  link: 'S:/0700-0799/StO 0746 Wendenschloßstraße 138 (BVG)/20246138 Inspektion',\n","stream":"stdout","time":"2024-04-17T11:35:50.871733179Z"}
{"log":"  filename: '__locally_added__1712827453000__locally_added__CAP6431260014139234947_jpg.maybe.jpg'\n","stream":"stdout","time":"2024-04-17T11:35:50.871743779Z"}
{"log":"}\n","stream":"stdout","time":"2024-04-17T11:35:50.871752779Z"}
{"log":"gettin file from  {\n","stream":"stdout","time":"2024-04-17T11:35:50.875224754Z"}
{"log":"  rootpath: '.',\n","stream":"stdout","time":"2024-04-17T11:35:50.875239054Z"}
{"log":"  link: 'S:/0700-0799/StO 0732 Schulstraße 5-6/20246136 Inspektion',\n","stream":"stdout","time":"2024-04-17T11:35:50.875242554Z"}
{"log":"  filename: '__locally_added__1712909366000__locally_added__CAP4354292350469240876_jpg.maybe.jpg'\n","stream":"stdout","time":"2024-04-17T11:35:50.875245654Z"}
{"log":"}\n","stream":"stdout","time":"2024-04-17T11:35:50.875248454Z"}
{"log":"gettin file from  {\n","stream":"stdout","time":"2024-04-17T11:35:50.88066117Z"}
{"log":"  rootpath: '.',\n","stream":"stdout","time":"2024-04-17T11:35:50.880675171Z"}
{"log":"  link: 'S:/0100-0199/StO 0151 Fürstenwalder Damm 739 (BVG)/20246131 Inspektion',\n","stream":"stdout","time":"2024-04-17T11:35:50.880680971Z"}
{"log":"  filename: '__locally_added__1712815394000__locally_added__CAP6810927790213154584_jpg.maybe.jpg'\n","stream":"stdout","time":"2024-04-17T11:35:50.880684171Z"}
{"log":"}\n","stream":"stdout","time":"2024-04-17T11:35:50.880686871Z"}
{"log":"Params: KI,051290\n","stream":"stdout","time":"2024-04-17T11:35:50.884703257Z"}
{"log":"gettin file from  {\n","stream":"stdout","time":"2024-04-17T11:35:50.885866182Z"}
{"log":"  rootpath: '.',\n","stream":"stdout","time":"2024-04-17T11:35:50.885889583Z"}
{"log":"  link: 'S:/0700-0799/StO 0728 Wilskistr 79/20246135 Inspektion',\n","stream":"stdout","time":"2024-04-17T11:35:50.885899883Z"}
{"log":"  filename: '__locally_added__1712749273000__locally_added__CAP1736688760908477562_jpg.maybe.jpg'\n","stream":"stdout","time":"2024-04-17T11:35:50.885902883Z"}
{"log":"}\n","stream":"stdout","time":"2024-04-17T11:35:50.885905883Z"}
{"log":"gettin file from  {\n","stream":"stdout","time":"2024-04-17T11:35:50.887681921Z"}
{"log":"  rootpath: '.',\n","stream":"stdout","time":"2024-04-17T11:35:50.887694821Z"}
{"log":"  link: 'S:/0700-0799/StO 0728 Wilskistr 79/20246135 Inspektion',\n","stream":"stdout","time":"2024-04-17T11:35:50.887698122Z"}
{"log":"  filename: '__locally_added__1712749273000__locally_added__CAP1186230195131803820_jpg.maybe.jpg'\n","stream":"stdout","time":"2024-04-17T11:35:50.887701222Z"}
{"log":"}\n","stream":"stdout","time":"2024-04-17T11:35:50.887704122Z"}
{"log":"gettin file from  {\n","stream":"stdout","time":"2024-04-17T11:35:50.888212633Z"}
{"log":"  rootpath: '.',\n","stream":"stdout","time":"2024-04-17T11:35:50.888225433Z"}
{"log":"  link: 'S:/15200-15299/StO 15216 FF Friedrichshagen Müggelseedamm 178/20236546 Inspektion',\n","stream":"stdout","time":"2024-04-17T11:35:50.888228733Z"}
{"log":"  filename: '__locally_added__1712565732000__locally_added__CAP1846879038905944387_jpg.maybe.jpg'\n","stream":"stdout","time":"2024-04-17T11:35:50.888232233Z"}
{"log":"}\n","stream":"stdout","time":"2024-04-17T11:35:50.888235233Z"}
{"log":"gettin file from  {\n","stream":"stdout","time":"2024-04-17T11:35:50.889122952Z"}
{"log":"  rootpath: '.',\n","stream":"stdout","time":"2024-04-17T11:35:50.889135052Z"}
{"log":"  link: 'S:/1300-1399/StO 1384 FW Treptow/20236545 Inspektion',\n","stream":"stdout","time":"2024-04-17T11:35:50.889138252Z"}
{"log":"  filename: '__locally_added__1712576230000__locally_added__CAP2128576714496731263_jpg.maybe.jpg'\n","stream":"stdout","time":"2024-04-17T11:35:50.889141253Z"}
{"log":"}\n","stream":"stdout","time":"2024-04-17T11:35:50.889144253Z"}
{"log":"gettin file from  {\n","stream":"stdout","time":"2024-04-17T11:35:50.891080994Z"}
{"log":"  rootpath: '.',\n","stream":"stdout","time":"2024-04-17T11:35:50.891094894Z"}
{"log":"  link: 'S:/1300-1399/StO 1384 FW Treptow/20236545 Inspektion',\n","stream":"stdout","time":"2024-04-17T11:35:50.891098595Z"}
{"log":"  filename: '__locally_added__1712575188000__locally_added__CAP4290352339201223824_jpg.maybe.jpg'\n","stream":"stdout","time":"2024-04-17T11:35:50.891101695Z"}
{"log":"}\n","stream":"stdout","time":"2024-04-17T11:35:50.891104695Z"}
{"log":"gettin file from  {\n","stream":"stdout","time":"2024-04-17T11:35:50.891918212Z"}
{"log":"  rootpath: '.',\n","stream":"stdout","time":"2024-04-17T11:35:50.891930912Z"}
{"log":"  link: 'S:/0100-0199/StO 0151 Fürstenwalder Damm 739 (BVG)/20246131 Inspektion',\n","stream":"stdout","time":"2024-04-17T11:35:50.891934213Z"}
{"log":"  filename: '__locally_added__1712821996000__locally_added__CAP8272957629305258692_jpg.maybe.jpg'\n","stream":"stdout","time":"2024-04-17T11:35:50.891937513Z"}
{"log":"}\n","stream":"stdout","time":"2024-04-17T11:35:50.891940513Z"}
{"log":"Params: KI,051290\n","stream":"stdout","time":"2024-04-17T11:35:50.892641028Z"}
{"log":"gettin file from  {\n","stream":"stdout","time":"2024-04-17T11:35:50.899887783Z"}
{"log":"  rootpath: '.',\n","stream":"stdout","time":"2024-04-17T11:35:50.899904984Z"}
{"log":"  link: 'S:/0500-0599/StO 0530 Kochstraße 22 Neubau/20236554 Inspektion',\n","stream":"stdout","time":"2024-04-17T11:35:50.899909384Z"}
{"log":"  filename: '__locally_added__1712650046000__locally_added__CAP1426101287759827989_jpg.maybe.jpg'\n","stream":"stdout","time":"2024-04-17T11:35:50.899913084Z"}
{"log":"}\n","stream":"stdout","time":"2024-04-17T11:35:50.899916584Z"}
{"log":"gettin file from  {\n","stream":"stdout","time":"2024-04-17T11:35:50.91043771Z"}
{"log":"  rootpath: '.',\n","stream":"stdout","time":"2024-04-17T11:35:50.91045211Z"}
{"log":"  link: 'S:/0500-0599/StO 0530 Kochstraße 22 Neubau/20236554 Inspektion',\n","stream":"stdout","time":"2024-04-17T11:35:50.910465411Z"}
{"log":"  filename: '__locally_added__1712650046000__locally_added__CAP6790372350236046991_jpg.maybe.jpg'\n","stream":"stdout","time":"2024-04-17T11:35:50.910469011Z"}
{"log":"}\n","stream":"stdout","time":"2024-04-17T11:35:50.910471811Z"}
